Timestamp,Date,Total Supplied,Total Borrowed
1676916000,2023-02-20,318.5694058,71.60241441
1676937600,2023-02-21,318.5708576,71.60412241
1676959200,2023-02-21,329.7896078,71.60582271
1676980800,2023-02-21,342.7328899,71.60745135
1677002400,2023-02-21,342.7342417,71.60904181
1677024000,2023-02-22,342.7355966,71.61063585
1677045600,2023-02-22,342.7369604,71.61224055
1677067200,2023-02-22,342.7383183,71.6138382
1677088800,2023-02-22,342.7396799,71.61544032
1677110400,2023-02-23,350.1840625,71.61701437
1677132000,2023-02-23,357.5903245,71.61855581
1677153600,2023-02-23,360.4942866,71.62008121
1677175200,2023-02-23,360.495573,71.62159468
1677196800,2023-02-24,360.5049192,71.62311744
1677218400,2023-02-24,360.7441179,71.62463678
1677240000,2023-02-24,361.2111741,71.6261639
1677261600,2023-02-24,373.802055,71.6276638
1677283200,2023-02-25,373.8033063,71.62913591
1677304800,2023-02-25,373.8045437,71.6305918
1677326400,2023-02-25,413.7690349,71.63201749
1677348000,2023-02-25,413.770161,71.63334242
1677369600,2023-02-26,434.4476612,71.6346453
1677391200,2023-02-26,435.1996809,71.63590058
1677412800,2023-02-26,435.2007352,70.63662757
1677434400,2023-02-26,435.3896859,70.63785013
1677456000,2023-02-27,444.1752059,70.63905948
1677477600,2023-02-27,488.2288851,70.64021704
1677499200,2023-02-27,488.2298117,70.64130722
1677520800,2023-02-27,517.0765048,70.64235361
1677542400,2023-02-28,517.0773749,70.64337731
1677564000,2023-02-28,518.1074924,70.64440842
1677585600,2023-02-28,526.5036233,70.64542498
1677607200,2023-02-28,526.9246703,70.64643477
1677628800,2023-03-01,526.9255324,70.64744897
1677650400,2023-03-01,526.9263897,70.6494576
1677672000,2023-03-01,526.9365576,70.65046684
1677693600,2023-03-01,526.9374169,70.65147777
1677715200,2023-03-02,526.9382757,70.65248816
1677736800,2023-03-02,534.4473911,70.65348728
1677758400,2023-03-02,534.449237,70.65448244
1677780000,2023-03-02,534.4506704,70.65548647
1677801600,2023-03-03,622.7803113,70.65637222
1677823200,2023-03-03,666.198088,0.6016052496
1677844800,2023-03-03,666.1980881,0.6016053075
1677866400,2023-03-03,666.1980881,0.6016053654
1677888000,2023-03-04,667.9504835,0.6016054237
1677909600,2023-03-04,667.9513835,0.6016054815
1677931200,2023-03-04,668.658403,0.6036055397
1677952800,2023-03-04,668.658403,0.6036055978
1677974400,2023-03-05,668.6584031,0.6036056558
1677996000,2023-03-05,668.6584031,0.6036057137
1678017600,2023-03-05,668.6595256,0.6036057719
1678039200,2023-03-05,668.6595256,0.6036058301
1678060800,2023-03-06,683.6183842,0.6036058869
1678082400,2023-03-06,688.4615431,0.6036059434
1678104000,2023-03-06,688.4619944,67.60413681
1678125600,2023-03-06,688.4627952,67.60484372
1678147200,2023-03-07,688.4634133,67.60557083
1678168800,2023-03-07,688.4640155,67.60627933
1678190400,2023-03-07,688.0973871,0.6036404339
1678212000,2023-03-07,706.8010326,0.6036404896
1678233600,2023-03-08,1461.1581,0.6036405408
1678255200,2023-03-08,1461.1581,0.6036405675
1678276800,2023-03-08,1461.1581,0.6036405941
1678298400,2023-03-08,1499.576229,0.6036406205
1678320000,2023-03-09,1499.576229,0.6036406464
1678341600,2023-03-09,1499.576229,0.6036406724
1678363200,2023-03-09,1499.576229,0.6036406982
1678384800,2023-03-09,1499.576229,0.6036407241
1678406400,2023-03-10,1535.089801,0.6036407497
1678428000,2023-03-10,1533.035527,0.6036407753
1678449600,2023-03-10,1533.035527,0.6036408009
1678471200,2023-03-10,1453.204772,0.6036408264
1678492800,2023-03-11,1433.932758,0.6036408532
1678514400,2023-03-11,1433.932758,0.6036408803
1678536000,2023-03-11,1483.884484,0.6036409069
1678557600,2023-03-11,1729.461418,38.60365395
1678579200,2023-03-12,1735.461496,38.60374568
1678600800,2023-03-12,1720.461574,38.60383843
1678622400,2023-03-12,1775.724627,46.603944
1678644000,2023-03-12,1775.724738,46.60407395
1678665600,2023-03-13,1017.87046,46.60425407
1678687200,2023-03-13,1029.792278,46.60447984
1678708800,2023-03-13,1031.212438,46.6047036
1678730400,2023-03-13,1021.212631,46.60493042
1678752000,2023-03-14,748.3042047,46.60522532
1678773600,2023-03-14,748.3044686,46.60553578
1678795200,2023-03-14,755.8651453,46.60584264
1678816800,2023-03-14,755.8654048,46.60614796
1678838400,2023-03-15,779.2648344,269.476456
1678860000,2023-03-15,782.1320228,269.486451
1678881600,2023-03-15,832.1109497,269.4959745
1678903200,2023-03-15,1221.818794,369.5043817
1678924800,2023-03-16,1220.309624,369.5163238
1678946400,2023-03-16,1305.3191,369.4385049
1678968000,2023-03-16,1307.263027,369.4497123
1678989600,2023-03-16,1307.272902,396.0062834
1679011200,2023-03-17,1307.298358,425.0207524
1679032800,2023-03-17,1308.59399,450.0369132
1679054400,2023-03-17,1303.082516,566.0603559
1679076000,2023-03-17,3319.911339,1181.606883
1679097600,2023-03-18,3319.94765,858.7152596
1679119200,2023-03-18,3389.396869,1165.751866
1679140800,2023-03-18,3443.468242,1198.796609
1679162400,2023-03-18,5553.652389,1198.833789
1679184000,2023-03-19,5891.787948,1198.860638
1679205600,2023-03-19,5893.343614,1198.88664
1679227200,2023-03-19,5894.301983,1198.912638
1679248800,2023-03-19,5894.324165,1198.939306
1679270400,2023-03-20,5894.873411,1198.965288
1679292000,2023-03-20,5904.49291,1198.991238
1679313600,2023-03-20,5904.514923,1199.017135
1679335200,2023-03-20,6171.76739,1149.023708
1679356800,2023-03-21,6171.786464,1044.046149
1679378400,2023-03-21,6171.802598,1050.109534
1679400000,2023-03-21,6194.818785,1050.128788
1679421600,2023-03-21,7701.989608,1050.145653
1679443200,2023-03-22,7853.957831,1050.160742
1679464800,2023-03-22,7853.971084,1127.176333
1679486400,2023-03-22,7850.908377,1127.125779
1679508000,2023-03-22,7850.923063,1127.143058
1679529600,2023-03-23,7850.937717,1127.160299
1679551200,2023-03-23,7851.502352,1127.176941
1679572800,2023-03-23,7854.309183,257.1852276
1679594400,2023-03-23,7785.503399,189.1446976
1679616000,2023-03-24,7785.609314,189.145188
1679637600,2023-03-24,7785.609729,189.1456762
1679659200,2023-03-24,7785.845965,189.1461658
1679680800,2023-03-24,7785.846381,189.1466546
1679702400,2023-03-25,7785.846798,189.1471458
1679724000,2023-03-25,7786.179227,189.1476356
1679745600,2023-03-25,7786.179643,189.1481249
1679767200,2023-03-25,7786.189365,189.1486153
1679788800,2023-03-26,7786.189781,189.1491041
1679810400,2023-03-26,7789.12566,189.1495933
1679832000,2023-03-26,7789.127076,189.1500822
1679853600,2023-03-26,7788.747007,189.1505718
1679875200,2023-03-27,7798.747423,189.151061
1679896800,2023-03-27,7805.368107,189.1515505
1679918400,2023-03-27,7805.368523,189.1520392
1679940000,2023-03-27,7805.368937,189.1525262
1679961600,2023-03-28,7805.369423,244.1530984
1679983200,2023-03-28,7805.371113,244.1539103
1680004800,2023-03-28,7805.371808,244.1547281
1680026400,2023-03-28,7805.372502,244.1555445
1680048000,2023-03-29,7810.648363,250.1563702
1680069600,2023-03-29,7811.303491,250.1572229
1680091200,2023-03-29,7811.304217,250.1580769
1680112800,2023-03-29,7811.304946,250.1589347
1680134400,2023-03-30,7811.305673,250.1597892
1680156000,2023-03-30,7811.306272,195.1604944
1680177600,2023-03-30,7811.306714,195.1610142
1680199200,2023-03-30,7811.309758,595.1645955
1680220800,2023-03-31,7811.316369,595.1694297
1680242400,2023-03-31,7811.320535,635.1743306
1680264000,2023-03-31,7811.325225,635.1798488
1680285600,2023-03-31,8172.032477,635.1851772
1680307200,2023-04-01,8073.445844,635.1904469
1680328800,2023-04-01,8062.478029,635.1957811
1680350400,2023-04-01,7798.24293,635.2012561
1680372000,2023-04-01,7798.247603,635.2067535
1680393600,2023-04-02,7811.252184,605.1882494
1680415200,2023-04-02,7739.910278,605.2032586
1680436800,2023-04-02,7739.775753,605.208323
1680458400,2023-04-02,7739.78007,605.2134016
1680480000,2023-04-03,7741.509906,605.2184459
1680501600,2023-04-03,7741.514199,611.7834967
1680523200,2023-04-03,7722.844619,611.7886964
1680544800,2023-04-03,7722.849025,611.7938802
1680566400,2023-04-04,7725.090652,611.7991208
1680588000,2023-04-04,7725.095132,611.8477472
1680609600,2023-04-04,7730.008157,611.8529817
1680631200,2023-04-04,7730.012589,611.8581962
1680652800,2023-04-05,7770.060389,611.8633672
1680674400,2023-04-05,7770.064737,605.8672532
1680696000,2023-04-05,7770.069035,605.872309
1680717600,2023-04-05,7770.073394,605.8774375
1680739200,2023-04-06,7776.077712,605.8825178
1680760800,2023-04-06,7776.082056,605.8876286
1680782400,2023-04-06,7775.432238,745.8930358
1680804000,2023-04-06,8246.438471,745.9003687
1680825600,2023-04-07,8247.403352,745.9076287
1680847200,2023-04-07,8247.418859,745.9148563
1680868800,2023-04-07,8247.473428,745.922132
1680890400,2023-04-07,8247.479596,745.9293877
1680912000,2023-04-08,8251.090724,745.9366145
1680933600,2023-04-08,8253.317133,745.9438696
1680955200,2023-04-08,8253.773849,867.9521591
1680976800,2023-04-08,8254.507831,867.9619965
1680998400,2023-04-09,8254.544198,867.9717475
1681020000,2023-04-09,8254.621719,867.9815688
1681041600,2023-04-09,8254.630245,867.991412
1681063200,2023-04-09,8254.638617,868.0012607
1681084800,2023-04-10,8254.646965,868.0110825
1681106400,2023-04-10,8254.655258,868.0208396
1681128000,2023-04-10,8254.663615,867.624514
1681149600,2023-04-10,8611.992027,867.6343042
1681171200,2023-04-11,8613.875907,867.6436678
1681192800,2023-04-11,8613.883896,867.6530672
1681214400,2023-04-11,8613.891868,867.6624459
1681236000,2023-04-11,8613.899505,838.7026295
1681257600,2023-04-12,8614.152709,838.7113687
1681279200,2023-04-12,8710.456325,838.7200874
1681300800,2023-04-12,8710.1876,838.7287303
1681322400,2023-04-12,8703.404641,838.7374171
1681344000,2023-04-13,8705.628791,838.7471486
1681365600,2023-04-13,8734.417646,1073.758393
1681387200,2023-04-13,8734.5894,972.4455375
1681408800,2023-04-13,8734.599657,973.9576042
1681430400,2023-04-14,8785.350035,973.9693209
1681452000,2023-04-14,8783.484007,973.9809874
1681473600,2023-04-14,8783.494277,998.9930704
1681495200,2023-04-14,8783.504744,999.0053846
1681516800,2023-04-15,8954.684248,999.0176316
1681538400,2023-04-15,9001.484476,999.0296022
1681560000,2023-04-15,9001.49511,1032.042113
1681581600,2023-04-15,9001.505891,1028.054796
1681603200,2023-04-16,9001.51663,1028.067431
1681624800,2023-04-16,9001.52578,795.0488456
1681646400,2023-04-16,9022.081428,760.0505942
1681668000,2023-04-16,9024.087303,760.057506
1681689600,2023-04-17,9024.093161,760.0643986
1681711200,2023-04-17,9024.101632,935.0743641
1681732800,2023-04-17,9025.980459,935.0847496
1681754400,2023-04-17,9025.989276,935.0951227
1681776000,2023-04-18,9025.998625,1053.106121
1681797600,2023-04-18,9000.817347,1053.119315
1681819200,2023-04-18,9000.83767,1488.143225
1681840800,2023-04-18,9002.864581,1313.167025
1681862400,2023-04-19,9004.908643,1313.187463
1681884000,2023-04-19,9004.932646,1482.360321
1681905600,2023-04-19,9004.955257,1473.886922
1681927200,2023-04-19,9076.888027,1473.912691
1681948800,2023-04-20,9076.909893,1473.938417
1681970400,2023-04-20,9095.276929,1379.789586
1681992000,2023-04-20,9095.297191,1379.812247
1682013600,2023-04-20,9095.375403,799.8318973
1682035200,2023-04-21,9194.636187,799.8255111
1682056800,2023-04-21,9285.669723,799.8328885
1682078400,2023-04-21,9285.690287,799.840286
1682100000,2023-04-21,9192.490956,799.8476245
1682121600,2023-04-22,9202.801259,889.7430788
1682143200,2023-04-22,9202.808826,864.7519811
1682164800,2023-04-22,9205.15615,864.7605981
1682186400,2023-04-22,9205.163181,839.7688691
1682208000,2023-04-23,9205.239417,574.7651316
1682229600,2023-04-23,9205.24267,574.7689595
1682251200,2023-04-23,9206.245917,574.7727789
1682272800,2023-04-23,9206.249154,574.7765874
1682294400,2023-04-24,9275.259117,616.7804716
1682316000,2023-04-24,9275.262711,598.7796311
1682337600,2023-04-24,9275.266214,598.7837519
1682359200,2023-04-24,9247.772867,598.7878646
1682380800,2023-04-25,9271.181052,598.7919823
1682402400,2023-04-25,9271.391623,598.7961142
1682424000,2023-04-25,9271.395124,598.8002324
1682445600,2023-04-25,11280.99347,598.8036466
1682467200,2023-04-26,11342.52925,598.8070135
1682488800,2023-04-26,11909.87004,598.810342
1682510400,2023-04-26,12122.59647,540.0361398
1682532000,2023-04-26,12145.39005,540.038704
1682553600,2023-04-27,12145.39222,540.0412581
1682575200,2023-04-27,12180.01341,540.0438241
1682596800,2023-04-27,12191.24525,540.0463864
1682618400,2023-04-27,12167.86873,540.0489452
1682640000,2023-04-28,12167.8709,540.0515019
1682661600,2023-04-28,12242.22176,540.0540426
1682683200,2023-04-28,12242.22391,540.0565725
1682704800,2023-04-28,12280.59891,540.0591029
1682726400,2023-04-29,12280.60106,540.0616291
1682748000,2023-04-29,12306.18841,540.0641601
1682769600,2023-04-29,12311.64452,540.0667048
1682791200,2023-04-29,12305.19272,540.0692287
1682812800,2023-04-30,12311.59823,422.021382
1682834400,2023-04-30,12311.59954,422.0229241
1682856000,2023-04-30,12311.60084,422.024462
1682877600,2023-04-30,12320.95738,422.0260039
1682899200,2023-05-01,12320.9587,422.0275518
1682920800,2023-05-01,12320.96001,422.0290902
1682942400,2023-05-01,12320.96132,422.0306355
1682964000,2023-05-01,12259.46024,422.0321768
1682985600,2023-05-02,12257.73585,422.0337274
1683007200,2023-05-02,12257.73716,422.0352791
1683028800,2023-05-02,12257.73817,321.9996111
1683050400,2023-05-02,12257.73894,322.0005093
1683072000,2023-05-03,12257.7397,322.001411
1683093600,2023-05-03,12257.74047,322.0023168
1683115200,2023-05-03,12320.05058,322.0032199
1683136800,2023-05-03,12324.63381,322.0041174
1683158400,2023-05-04,12324.63458,322.0050138
1683180000,2023-05-04,12347.10528,326.0059261
1683201600,2023-05-04,12353.90613,326.0068431
1683223200,2023-05-04,12353.91372,326.0077567
1683244800,2023-05-05,12353.9145,326.0086733
1683266400,2023-05-05,12363.03197,185.8698143
1683288000,2023-05-05,12363.03222,185.8701121
1683309600,2023-05-05,12400.37139,185.8704087
1683331200,2023-05-06,12398.37165,185.8707067
1683352800,2023-05-06,12398.3719,185.8710034
1683374400,2023-05-06,12398.37215,185.871301
1683396000,2023-05-06,12398.3724,185.8715977
1683417600,2023-05-07,12398.37266,185.8718949
1683439200,2023-05-07,12398.37291,185.8721923
1683460800,2023-05-07,12688.12418,185.8724865
1683482400,2023-05-07,12688.12442,185.8727762
1683504000,2023-05-08,12688.12467,185.8730672
1683525600,2023-05-08,12692.79778,185.8733572
1683547200,2023-05-08,12692.79803,185.8736479
1683568800,2023-05-08,12692.79828,185.8739376
1683590400,2023-05-09,12692.79852,185.8742276
1683612000,2023-05-09,12694.32978,185.8745177
1683633600,2023-05-09,12971.82893,185.8748077
1683655200,2023-05-09,12971.82917,185.875091
1683676800,2023-05-10,12971.8294,185.8753682
1683698400,2023-05-10,13045.71299,185.8756512
1683720000,2023-05-10,13045.71323,185.8759351
1683741600,2023-05-10,13045.71347,185.8762171
1683763200,2023-05-11,13046.71371,185.8765
1683784800,2023-05-11,13046.71401,287.8768599
1683806400,2023-05-11,13046.7146,287.8775446
1683828000,2023-05-11,13048.86482,287.8782439
1683849600,2023-05-12,13058.21434,287.8789265
1683871200,2023-05-12,13803.79384,287.8795962
1683892800,2023-05-12,13896.94954,287.8802962
1683914400,2023-05-12,13898.95048,287.8809344
1683936000,2023-05-13,13902.43109,287.8815727
1683957600,2023-05-13,13927.11679,287.8822107
1683979200,2023-05-13,13962.99508,287.8828474
1684000800,2023-05-13,13962.99562,287.8834857
1684022400,2023-05-14,14170.59311,287.8841199
1684044000,2023-05-14,14182.12068,287.8847533
1684065600,2023-05-14,14241.6396,287.8853746
1684087200,2023-05-14,16374.24099,287.8859341
1684108800,2023-05-15,16381.71114,287.8864765
1684130400,2023-05-15,16390.18205,287.9549079
1684152000,2023-05-15,16404.19976,287.9554484
1684173600,2023-05-15,16405.20022,287.955989
1684195200,2023-05-16,16459.34451,287.9565302
1684216800,2023-05-16,16503.81635,287.9570703
1684238400,2023-05-16,16204.28357,287.9576134
1684260000,2023-05-16,16218.28539,298.9581747
1684281600,2023-05-17,16231.35385,307.9587942
1684303200,2023-05-17,16231.35438,307.9594247
1684324800,2023-05-17,16232.05507,307.9600514
1684346400,2023-05-17,16232.0556,307.9606777
1684368000,2023-05-18,16235.05713,307.9613022
1684389600,2023-05-18,16282.25148,285.9395056
1684411200,2023-05-18,16297.18378,285.9400413
1684432800,2023-05-18,16302.79191,285.940577
1684454400,2023-05-19,16311.46209,285.9411154
1684476000,2023-05-19,16312.46256,285.9416512
1684497600,2023-05-19,16312.46301,285.942187
1684519200,2023-05-19,16432.04241,285.9427222
1684540800,2023-05-20,16433.04386,285.9432508
1684562400,2023-05-20,16436.02157,285.9437818
1684584000,2023-05-20,16436.02202,285.9443142
1684605600,2023-05-20,18936.55728,285.9447956
1684627200,2023-05-21,19013.6717,265.9446015
1684648800,2023-05-21,19013.67204,265.9449998
1684670400,2023-05-21,18999.40186,265.9453995
1684692000,2023-05-21,19000.8156,265.9457979
1684713600,2023-05-22,19016.19499,281.9462006
1684735200,2023-05-22,19015.38437,282.0466482
1684756800,2023-05-22,19019.43668,282.0470926
1684778400,2023-05-22,19019.43706,282.0475409
1684800000,2023-05-23,19038.43644,282.0479875
1684821600,2023-05-23,19504.78128,282.048431
1684843200,2023-05-23,19505.78165,282.0488653
1684864800,2023-05-23,19756.40665,284.5231086
1684886400,2023-05-24,19804.47104,284.523546
1684908000,2023-05-24,19825.47069,283.8821443
1684929600,2023-05-24,19827.19981,283.8825784
1684951200,2023-05-24,19932.65268,287.8599698
1684972800,2023-05-25,19998.53201,287.8604135
1684994400,2023-05-25,19998.53239,287.8608557
1685016000,2023-05-25,19998.53277,287.8612969
1685037600,2023-05-25,19998.53314,287.8617391
1685059200,2023-05-26,19790.93632,287.8621849
1685080800,2023-05-26,19999.9955,287.86263
1685102400,2023-05-26,19982.45987,287.8630711
1685124000,2023-05-26,19982.71314,287.8635129
1685145600,2023-05-27,19988.36163,287.863954
1685167200,2023-05-27,19999.99534,288.1643957
1685188800,2023-05-27,19999.99571,288.164838
1685210400,2023-05-27,19999.99609,288.1652797
1685232000,2023-05-28,19999.99646,288.1657223
1685253600,2023-05-28,19999.99466,288.1661647
1685275200,2023-05-28,19999.99504,288.1666056
1685296800,2023-05-28,19999.99541,288.1670467
1685318400,2023-05-29,19997.62561,288.1674896
1685340000,2023-05-29,19998.1343,288.1679332
1685361600,2023-05-29,19998.13467,288.1683759
1685383200,2023-05-29,19999.19199,288.1688213
1685404800,2023-05-30,19999.19237,288.1692644
1685426400,2023-05-30,19999.19275,288.1697093
1685448000,2023-05-30,19999.19312,288.1701497
1685469600,2023-05-30,20050.32002,288.2911936
1685491200,2023-05-31,20279.95143,333.7217608
1685512800,2023-05-31,20465.6929,409.7224662
1685534400,2023-05-31,26761.99524,333.7229614
1685556000,2023-05-31,26766.99562,333.7234055
1685577600,2023-06-01,26822.21269,333.7238494
1685599200,2023-06-01,27221.23979,333.7242878
1685620800,2023-06-01,27288.7871,333.724726
1685642400,2023-06-01,27288.28742,333.7251609
1685664000,2023-06-02,27286.27716,333.7255979
1685685600,2023-06-02,28885.26156,333.7260122
1685707200,2023-06-02,28888.79985,333.7264255
1685728800,2023-06-02,28871.0482,333.7268365
1685750400,2023-06-03,28870.02855,333.7272473
1685772000,2023-06-03,28948.06109,333.7276557
1685793600,2023-06-03,28912.53696,1234.0311
1685815200,2023-06-03,28913.09811,1234.036736
1685836800,2023-06-04,28892.64719,1234.04238
1685858400,2023-06-04,28911.47328,1234.04803
1685880000,2023-06-04,28980.39113,1234.053653
1685901600,2023-06-04,28985.91769,1234.059308
1685923200,2023-06-05,28986.01939,1234.06494
1685944800,2023-06-05,29000.94578,1234.070573
1685966400,2023-06-05,28981.13895,1234.076206
1685988000,2023-06-05,28978.1671,1234.081809
1686009600,2023-06-06,28994.22229,1234.087416
1686031200,2023-06-06,28994.22706,1143.828446
1686052800,2023-06-06,28977.60688,1132.076143
1686074400,2023-06-06,28977.6109,1132.080871
1686096000,2023-06-07,28977.61494,1132.08562
1686117600,2023-06-07,28971.6175,1132.090341
1686139200,2023-06-07,28971.62559,1132.095083
1686160800,2023-06-07,28976.63362,1132.099816
1686182400,2023-06-08,28976.63763,1132.104537
1686204000,2023-06-08,28976.64169,1132.109312
1686225600,2023-06-08,28976.6457,1132.11403
1686247200,2023-06-08,28976.6497,1132.118742
1686268800,2023-06-09,28976.65374,1132.123487
1686290400,2023-06-09,28955.13818,1144.12829
1686312000,2023-06-09,28954.57487,1144.133126
1686333600,2023-06-09,28817.60667,1144.137959
1686355200,2023-06-10,28731.16985,1144.142818
1686376800,2023-06-10,28804.129,1144.147675
1686398400,2023-06-10,29147.92968,1144.152502
1686420000,2023-06-10,29147.93377,1144.157308
1686441600,2023-06-11,29147.93785,1144.162109
1686463200,2023-06-11,29153.83589,1144.166918
1686484800,2023-06-11,29173.89966,1144.171705
1686506400,2023-06-11,29175.97717,1144.176494
1686528000,2023-06-12,29171.30832,1144.181272
1686549600,2023-06-12,29125.79457,1144.18609
1686571200,2023-06-12,29125.79866,1144.190892
1686592800,2023-06-12,29128.72817,1144.195705
1686614400,2023-06-13,29135.4416,1144.200501
1686636000,2023-06-13,29135.44567,1144.205289
1686657600,2023-06-13,29431.68939,1144.590031
1686679200,2023-06-13,29431.69343,1144.594781
1686700800,2023-06-14,29500.57146,1144.599548
1686722400,2023-06-14,29500.57549,1144.604288
1686744000,2023-06-14,29482.16473,1144.609036
1686765600,2023-06-14,29482.16875,1144.613765
1686787200,2023-06-15,29674.21709,1144.618505
1686808800,2023-06-15,29687.97094,1146.880153
1686830400,2023-06-15,29687.97494,1146.884869
1686852000,2023-06-15,29687.97909,1146.889597
1686873600,2023-06-16,27187.95924,1146.894545
1686895200,2023-06-16,27468.20171,1146.899662
1686916800,2023-06-16,27468.20489,246.6999406
1686938400,2023-06-16,27456.69747,275.7001917
1686960000,2023-06-17,27678.75772,498.6783417
1686981600,2023-06-17,27684.68348,498.6792952
1687003200,2023-06-17,28008.59079,248.7012802
1687024800,2023-06-17,28217.01575,248.7015149
1687046400,2023-06-18,28494.4107,248.7017514
1687068000,2023-06-18,28678.87234,248.7019815
1687089600,2023-06-18,28698.87253,248.7022111
1687111200,2023-06-18,28698.87273,251.7024434
1687132800,2023-06-19,28699.80393,251.702678
1687154400,2023-06-19,28707.3469,251.7029136
1687176000,2023-06-19,28709.34711,251.7031494
1687197600,2023-06-19,28715.06272,251.7033848
1687219200,2023-06-20,28715.07413,251.7036196
1687240800,2023-06-20,28715.07499,601.5046314
1687262400,2023-06-20,29086.09427,601.5059754
1687284000,2023-06-20,29086.09539,601.5072964
1687305600,2023-06-21,29056.09658,751.6606956
1687327200,2023-06-21,29109.61787,751.6627626
1687348800,2023-06-21,29109.61962,751.6648248
1687370400,2023-06-21,29109.62138,751.6668928
1687392000,2023-06-22,29109.7162,751.7139668
1687413600,2023-06-22,29109.7181,1001.740465
1687435200,2023-06-22,29113.62759,1001.744142
1687456800,2023-06-22,29003.20377,1001.747817
1687478400,2023-06-23,28894.15743,1001.751533
1687500000,2023-06-23,28894.16057,1001.755223
1687521600,2023-06-23,28894.11261,1001.758936
1687543200,2023-06-23,28894.1155,851.7523303
1687564800,2023-06-24,28894.11745,751.749622
1687586400,2023-06-24,28894.11922,751.7517093
1687608000,2023-06-24,28894.12099,751.7537944
1687629600,2023-06-24,28894.13207,751.7558771
1687651200,2023-06-25,28954.22485,251.7632988
1687672800,2023-06-25,28954.22505,251.7635317
1687694400,2023-06-25,28954.22524,251.763766
1687716000,2023-06-25,28954.41156,251.7639996
1687737600,2023-06-26,28968.35502,251.7642335
1687759200,2023-06-26,28968.35524,271.7644978
1687780800,2023-06-26,28970.46095,271.76477
1687802400,2023-06-26,28970.46118,271.7650417
1687824000,2023-06-27,29061.20936,271.7653148
1687845600,2023-06-27,29059.28792,259.2720657
1687867200,2023-06-27,29055.08812,252.656695
1687888800,2023-06-27,29055.08832,252.6569285
1687910400,2023-06-28,29055.08851,252.6571623
1687932000,2023-06-28,29093.47484,252.6573955
1687953600,2023-06-28,29183.11254,252.6576274
1687975200,2023-06-28,29084.70357,252.6578606
1687996800,2023-06-29,29084.70376,252.6580947
1688018400,2023-06-29,29218.47019,252.6583275
1688040000,2023-06-29,29218.47038,252.6585596
1688061600,2023-06-29,29286.96886,252.6587906
1688083200,2023-06-30,29286.96905,252.6590235
1688104800,2023-06-30,29601.90804,252.6592547
1688126400,2023-06-30,29468.14201,252.6594854
1688148000,2023-06-30,29472.14812,252.6597161
1688169600,2023-07-01,29472.14832,253.6599488
1688191200,2023-07-01,29475.86627,253.6601824
1688212800,2023-07-01,29475.86647,254.1204154
1688234400,2023-07-01,29476.10047,253.8520872
1688256000,2023-07-02,29475.43879,253.8523203
1688277600,2023-07-02,29475.43899,253.852553
1688299200,2023-07-02,29446.19544,270.852798
1688320800,2023-07-02,29446.19567,270.8530639
1688342400,2023-07-03,29771.20015,381.0234979
1688364000,2023-07-03,29769.44748,381.0240192
1688385600,2023-07-03,29770.19511,381.0245377
1688407200,2023-07-03,29774.84157,381.0250578
1688428800,2023-07-04,29774.84313,381.0255773
1688450400,2023-07-04,29774.84358,381.0260982
1688472000,2023-07-04,29780.85572,381.026618
1688493600,2023-07-04,29780.85616,381.0271357
1688515200,2023-07-05,29780.88752,381.039986
1688536800,2023-07-05,23208.88992,381.0283134
1688558400,2023-07-05,23208.89049,381.0289777
1688580000,2023-07-05,23208.89106,381.029646
1688601600,2023-07-06,25015.18756,381.0302936
1688623200,2023-07-06,25024.82054,381.0309121
1688644800,2023-07-06,25030.22326,381.0315298
1688666400,2023-07-06,24924.31443,270.8595177
1688688000,2023-07-07,24897.14374,270.8598321
1688709600,2023-07-07,24908.0281,271.0150786
1688731200,2023-07-07,24988.69968,271.0153912
1688752800,2023-07-07,24988.36994,271.0157042
1688774400,2023-07-08,24988.37021,271.0160182
1688796000,2023-07-08,24988.37047,271.5163316
1688817600,2023-07-08,24988.37074,268.5162713
1688839200,2023-07-08,24988.371,268.5165801
1688860800,2023-07-09,24988.37126,268.516888
1688882400,2023-07-09,24988.37152,267.5171943
1688904000,2023-07-09,25016.23319,268.5175002
1688925600,2023-07-09,25016.23345,268.517808
1688947200,2023-07-10,25212.26493,268.5181164
1688968800,2023-07-10,25212.15836,268.4580959
1688990400,2023-07-10,25212.15862,268.4584014
1689012000,2023-07-10,24212.15888,268.4587082
1689033600,2023-07-11,24212.40046,343.4591918
1689055200,2023-07-11,24225.45552,343.4597099
1689076800,2023-07-11,28900.66098,343.4601583
1689098400,2023-07-11,25906.40869,343.4606269
1689120000,2023-07-12,25919.87403,343.4611135
1689141600,2023-07-12,26062.50198,369.4616368
1689163200,2023-07-12,26381.28679,392.7122502
1689184800,2023-07-12,26388.71366,392.7128761
1689206400,2023-07-13,26388.71419,392.7131862
1689228000,2023-07-13,27389.01347,442.7139314
1689249600,2023-07-13,27003.11888,442.7146991
1689271200,2023-07-13,27003.11954,442.0103835
1689292800,2023-07-14,27003.12019,442.0111566
1689314400,2023-07-14,27003.12085,442.0119283
1689336000,2023-07-14,26948.12805,451.2976196
1689357600,2023-07-14,26934.97972,451.2984274
1689379200,2023-07-15,27351.6748,491.299323
1689400800,2023-07-15,27385.77249,491.3002735
1689422400,2023-07-15,27600.08931,491.3012177
1689444000,2023-07-15,27747.69801,491.3021512
1689465600,2023-07-16,27747.69881,491.3030827
1689487200,2023-07-16,27763.69959,491.304009
1689508800,2023-07-16,27763.55038,491.3049338
1689530400,2023-07-16,27763.55116,491.305857
1689552000,2023-07-17,27748.88983,475.2990165
1689573600,2023-07-17,27774.55456,475.2998819
1689595200,2023-07-17,27774.5553,475.3007451
1689616800,2023-07-17,27792.43953,476.2327796
1689638400,2023-07-18,27596.40891,476.2336476
1689660000,2023-07-18,27596.40966,476.2345276
1689681600,2023-07-18,27596.4104,476.2353993
1689703200,2023-07-18,27598.95721,476.2362764
1689724800,2023-07-19,27988.82697,476.2371487
1689746400,2023-07-19,28043.94341,476.2380097
1689768000,2023-07-19,28043.94414,476.2388661
1689789600,2023-07-19,28043.95872,446.7964251
1689811200,2023-07-20,28259.48026,468.7955566
1689832800,2023-07-20,28212.74648,468.796384
1689854400,2023-07-20,28234.33863,468.7972096
1689876000,2023-07-20,28206.38928,468.7980382
1689897600,2023-07-21,28246.99234,474.1509081
1689919200,2023-07-21,28246.99306,474.1517532
1689940800,2023-07-21,28252.99377,474.1525978
1689962400,2023-07-21,28252.99446,424.150267
1689984000,2023-07-22,28477.04246,424.1759424
1690005600,2023-07-22,28551.15887,430.176623
1690027200,2023-07-22,29256.29864,430.1773036
1690048800,2023-07-22,29255.54541,430.1779749
1690070400,2023-07-23,29256.54597,424.1536096
1690092000,2023-07-23,29256.54653,424.154264
1690113600,2023-07-23,29256.54708,424.1549156
1690135200,2023-07-23,29382.48619,424.1555656
1690156800,2023-07-24,29383.48675,424.1562162
1690178400,2023-07-24,29383.48736,424.156866
1690200000,2023-07-24,29383.48791,424.1575151
1690221600,2023-07-24,29323.48846,424.1581651
1690243200,2023-07-25,29366.95798,424.1588173
1690264800,2023-07-25,29361.97858,424.1594676
1690286400,2023-07-25,29361.97913,424.1601201
1690308000,2023-07-25,29361.97964,384.0857063
1690329600,2023-07-26,29362.48009,384.0862393
1690351200,2023-07-26,29364.57324,384.9667723
1690372800,2023-07-26,29368.35487,384.9673078
1690394400,2023-07-26,29380.6113,385.2712334
1690416000,2023-07-27,29380.61175,385.2717705
1690437600,2023-07-27,29380.61221,385.2723064
1690459200,2023-07-27,29380.61267,385.2728429
1690480800,2023-07-27,29397.29855,385.2733782
1690502400,2023-07-28,29345.2316,385.2739129
1690524000,2023-07-28,29836.82035,385.2744428
1690545600,2023-07-28,29872.4015,385.274972
1690567200,2023-07-28,29903.14955,385.2754985
1690588800,2023-07-29,29903.24188,385.2760268
1690610400,2023-07-29,29903.24232,385.2765527
1690632000,2023-07-29,29908.29541,385.5193989
1690653600,2023-07-29,29909.2902,363.5186051
1690675200,2023-07-30,29940.40726,363.5190735
1690696800,2023-07-30,29941.85824,363.5195447
1690718400,2023-07-30,29861.86727,354.3178299
1690740000,2023-07-30,29840.4298,355.2182779
1690761600,2023-07-31,29839.42417,355.2187255
1690783200,2023-07-31,29826.26501,364.5191943
1690804800,2023-07-31,28730.46195,355.2196466
1690826400,2023-07-31,28321.85128,355.2201144
1690848000,2023-08-01,28303.42824,355.2205871
1690869600,2023-08-01,28530.91551,375.2210788
1690891200,2023-08-01,28532.34148,375.2216013
1690912800,2023-08-01,28336.59228,375.2221272
1690934400,2023-08-02,28327.23726,375.2227535
1690956000,2023-08-02,28327.2377,375.2232813
1690977600,2023-08-02,28327.23815,375.223807
1690999200,2023-08-02,28306.50056,375.2243342
1691020800,2023-08-03,28621.6552,375.2248615
1691042400,2023-08-03,28621.65565,375.2253835
1691064000,2023-08-03,28644.81929,375.2259066
1691085600,2023-08-03,28799.37103,375.2264234
1691107200,2023-08-04,28870.99412,375.2269429
1691128800,2023-08-04,28874.0165,375.2274613
1691150400,2023-08-04,28874.01694,375.2279788
1691172000,2023-08-04,28935.31626,375.058495
1691193600,2023-08-05,28935.82676,375.0590113
1691215200,2023-08-05,28923.84063,375.0596404
1691236800,2023-08-05,28953.98826,375.0601555
1691258400,2023-08-05,28961.50011,375.0606728
1691280000,2023-08-06,28973.50055,375.0611887
1691301600,2023-08-06,28973.50099,375.0617039
1691323200,2023-08-06,28973.50143,375.0622201
1691344800,2023-08-06,28993.9855,375.0627364
1691366400,2023-08-07,29173.5892,375.0632511
1691388000,2023-08-07,29167.58964,375.063764
1691409600,2023-08-07,30158.68573,375.639266
1691431200,2023-08-07,30217.97725,375.6397615
1691452800,2023-08-08,30217.97989,375.6402569
1691474400,2023-08-08,30223.91466,539.6409915
1691496000,2023-08-08,30228.75384,1592.447136
1691517600,2023-08-08,30116.25374,1685.456819
1691539200,2023-08-09,29959.52067,1685.466836
1691560800,2023-08-09,29959.52923,1685.476899
1691582400,2023-08-09,29949.54496,2385.495403
1691604000,2023-08-09,29954.57706,2385.515589
1691625600,2023-08-10,29965.78251,2385.535782
1691647200,2023-08-10,29965.79959,2381.783496
1691668800,2023-08-10,29965.81667,2381.803588
1691690400,2023-08-10,29943.35134,2381.823643
1691712000,2023-08-11,29759.473,2381.843713
1691733600,2023-08-11,29782.89746,2381.86392
1691755200,2023-08-11,29863.14025,2381.884083
1691776800,2023-08-11,29858.65752,2382.204351
1691798400,2023-08-12,29851.67457,2362.221288
1691820000,2023-08-12,29856.31088,2362.241192
1691841600,2023-08-12,29856.32787,2382.261176
1691863200,2023-08-12,29858.35121,2395.341438
1691884800,2023-08-13,29858.6223,2394.901637
1691906400,2023-08-13,29858.6396,2394.921989
1691928000,2023-08-13,29777.41581,2394.942344
1691949600,2023-08-13,29777.43328,2394.962901
1691971200,2023-08-14,29780.54527,2394.983321
1691992800,2023-08-14,29816.85594,2395.003692
1692014400,2023-08-14,29818.96542,2395.024097
1692036000,2023-08-14,29827.91857,2395.044477
1692057600,2023-08-15,29828.00734,2395.064865
1692079200,2023-08-15,29830.24153,2395.08532
1692100800,2023-08-15,29830.25886,2395.105706
1692122400,2023-08-15,29840.2328,2395.12609
1692144000,2023-08-16,29840.5318,2042.057479
1692165600,2023-08-16,29820.16652,2152.07316
1692187200,2023-08-16,29820.18236,2387.091794
1692208800,2023-08-16,29850.20512,2387.112078
1692230400,2023-08-17,29856.27176,2308.80581
1692252000,2023-08-17,29924.43099,2308.824723
1692273600,2023-08-17,29930.50734,2308.638614
1692295200,2023-08-17,29892.83093,2308.657536
1692316800,2023-08-18,30012.15815,2776.148052
1692338400,2023-08-18,30062.18135,2776.175346
1692360000,2023-08-18,30075.66829,2776.202522
1692381600,2023-08-18,30074.69435,2776.22969
1692403200,2023-08-19,32116.84514,4799.276232
1692424800,2023-08-19,32130.35922,4799.352444
1692446400,2023-08-19,32429.77736,4799.428308
1692468000,2023-08-19,32429.88847,4799.503902
1692489600,2023-08-20,32439.70309,4785.577437
1692511200,2023-08-20,32439.76678,4785.652364
1692532800,2023-08-20,32440.05004,4785.727208
1692554400,2023-08-20,32453.93818,4785.80231
1692576000,2023-08-21,32580.40976,4785.877048
1692597600,2023-08-21,32569.93335,4721.919009
1692619200,2023-08-21,32569.99511,4721.991664
1692640800,2023-08-21,32563.06162,4722.064368
1692662400,2023-08-22,32563.20858,4722.186922
1692684000,2023-08-22,32558.57624,4705.246211
1692705600,2023-08-22,32071.003,4705.318642
1692727200,2023-08-22,32072.90754,4780.392805
1692748800,2023-08-23,30270.58139,2787.659883
1692770400,2023-08-23,30319.44924,2787.687034
1692792000,2023-08-23,30318.95405,2787.714177
1692813600,2023-08-23,30325.09284,2442.781455
1692835200,2023-08-24,31012.31775,2442.802095
1692856800,2023-08-24,31028.13518,1707.383779
1692878400,2023-08-24,31035.04697,698.1107465
1692900000,2023-08-24,31042.41606,698.1124082
1692921600,2023-08-25,31042.41851,945.5178321
1692943200,2023-08-25,31042.42022,540.0259583
1692964800,2023-08-25,31142.42106,540.0269553
1692986400,2023-08-25,31193.21839,580.0280533
1693008000,2023-08-26,31225.43019,580.029206
1693029600,2023-08-26,31200.83116,579.5490386
1693051200,2023-08-26,31205.43949,539.5498692
1693072800,2023-08-26,31205.44033,539.5508754
1693094400,2023-08-27,31206.82442,595.3404898
1693116000,2023-08-27,31206.82544,595.3416966
1693137600,2023-08-27,31212.67358,595.3429053
1693159200,2023-08-27,31212.72461,595.3441151
1693180800,2023-08-28,31212.68041,595.3453176
1693202400,2023-08-28,31204.30846,595.3465236
1693224000,2023-08-28,31204.30948,585.3391984
1693245600,2023-08-28,31203.31041,585.3403631
1693267200,2023-08-29,31202.30462,584.3406599
1693288800,2023-08-29,30980.23074,584.341828
1693310400,2023-08-29,30980.23173,584.3429984
1693332000,2023-08-29,30974.25824,584.3441675
1693353600,2023-08-30,30974.25924,584.3453394
1693375200,2023-08-30,30974.26024,584.346512
1693396800,2023-08-30,30966.56295,584.3476849
1693418400,2023-08-30,30966.56395,584.3488604
1693440000,2023-08-31,30960.56494,584.35003
1693461600,2023-08-31,30955.03703,584.3511962
1693483200,2023-08-31,30971.03803,584.352366
1693504800,2023-08-31,30971.03904,589.3535587
1693526400,2023-09-01,30971.04006,589.3547502
1693548000,2023-09-01,30971.04139,829.3563174
1693569600,2023-09-01,31098.3236,2904.372799
1693591200,2023-09-01,31160.41335,2904.40167
1693612800,2023-09-02,31281.67108,2956.678344
1693634400,2023-09-02,31291.03669,2956.708031
1693656000,2023-09-02,31291.39577,2956.737814
1693677600,2023-09-02,31311.43501,2956.767498
1693699200,2023-09-03,31311.46015,2956.797086
1693720800,2023-09-03,31514.0423,2956.826646
1693742400,2023-09-03,31516.06719,2709.416308
1693764000,2023-09-03,31545.41981,2709.491032
1693785600,2023-09-04,31561.32408,2709.515738
1693807200,2023-09-04,31761.34498,2709.540324
1693828800,2023-09-04,31765.98208,2709.564801
1693850400,2023-09-04,31766.10285,2709.589234
1693872000,2023-09-05,31766.25157,2709.613803
1693893600,2023-09-05,31772.27209,2688.084168
1693915200,2023-09-05,31773.15905,2688.108399
1693936800,2023-09-05,31773.19248,2688.132576
1693958400,2023-09-06,31773.21305,2688.156766
1693980000,2023-09-06,31909.15606,2688.181026
1694001600,2023-09-06,32260.85131,2688.20504
1694023200,2023-09-06,32363.74686,2998.230131
1694044800,2023-09-07,32383.51115,3009.893333
1694066400,2023-09-07,33333.89392,3009.922977
1694088000,2023-09-07,33334.87116,3009.951774
1694109600,2023-09-07,33853.70201,3009.980367
1694131200,2023-09-08,33831.90209,2998.004321
1694152800,2023-09-08,33854.31467,2998.032564
1694174400,2023-09-08,33854.394,2998.060757
1694196000,2023-09-08,33854.41801,2998.088997
1694217600,2023-09-09,33854.44192,2998.117128
1694239200,2023-09-09,33849.74201,2998.145495
1694260800,2023-09-09,33856.29145,2998.173659
1694282400,2023-09-09,33856.31556,3008.202026
1694304000,2023-09-10,33886.33974,3008.230471
1694325600,2023-09-10,33892.25029,3008.258747
1694347200,2023-09-10,33893.11036,3008.287085
1694368800,2023-09-10,33893.13459,3008.315597
1694390400,2023-09-11,33272.02631,3008.343994
1694412000,2023-09-11,33263.0863,3008.373034
1694433600,2023-09-11,33456.87085,3008.401897
1694455200,2023-09-11,33456.89526,3008.430623
1694476800,2023-09-12,33459.83792,3008.459483
1694498400,2023-09-12,33711.77376,3008.488144
1694520000,2023-09-12,33711.91879,3008.516622
1694541600,2023-09-12,33727.38961,3008.545233
1694563200,2023-09-13,33727.99453,3008.65378
1694584800,2023-09-13,33728.01882,3008.682359
1694606400,2023-09-13,33715.78245,3008.710908
1694628000,2023-09-13,33703.11082,3008.739461
1694649600,2023-09-14,33703.43096,3010.018027
1694671200,2023-09-14,33703.46132,3010.046684
1694692800,2023-09-14,33703.48573,3010.075406
1694714400,2023-09-14,33708.51011,3010.10408
1694736000,2023-09-15,33708.82955,3010.132798
1694757600,2023-09-15,33870.26835,3160.161654
1694779200,2023-09-15,33870.29534,3160.1934
1694800800,2023-09-15,33871.94729,3160.224885
1694822400,2023-09-16,33872.12398,3160.256282
1694844000,2023-09-16,33887.03773,3160.287972
1694865600,2023-09-16,33887.0646,3160.319583
1694887200,2023-09-16,33815.95663,3160.351305
1694908800,2023-09-17,33815.98366,3160.383106
1694930400,2023-09-17,33816.93156,3160.414977
1694952000,2023-09-17,33816.95856,3160.446743
1694973600,2023-09-17,33816.98555,3160.478492
1694995200,2023-09-18,33817.85638,3160.51005
1695016800,2023-09-18,33847.88332,3160.541743
1695038400,2023-09-18,33847.90996,3160.573081
1695060000,2023-09-18,33839.64984,3163.652809
1695081600,2023-09-19,33839.89684,3163.755944
1695103200,2023-09-19,33934.25958,3143.777055
1695124800,2023-09-19,33940.82558,3143.807981
1695146400,2023-09-19,33940.85182,3143.863853
1695168000,2023-09-20,33891.33188,3143.894908
1695189600,2023-09-20,33891.85654,3143.925826
1695211200,2023-09-20,33854.95883,3143.956724
1695232800,2023-09-20,33854.98601,3206.236241
1695254400,2023-09-21,33855.40595,3206.268557
1695276000,2023-09-21,33868.39349,3206.300832
1695297600,2023-09-21,33877.56626,3206.333118
1695319200,2023-09-21,33877.5999,3196.348496
1695340800,2023-09-22,33877.62722,3202.869641
1695362400,2023-09-22,33505.87012,3202.902149
1695384000,2023-09-22,33513.02637,3202.934767
1695405600,2023-09-22,33513.05405,3212.967323
1695427200,2023-09-23,33514.68867,3213.000108
1695448800,2023-09-23,33516.33681,3213.032743
1695470400,2023-09-23,33540.44367,3213.065526
1695492000,2023-09-23,33551.33268,3213.098167
1695513600,2023-09-24,33573.36057,3213.130977
1695535200,2023-09-24,33337.24723,3213.163861
1695556800,2023-09-24,33341.05374,3213.100104
1695578400,2023-09-24,33392.22857,3213.132915
1695600000,2023-09-25,33580.02713,3213.165776
1695621600,2023-09-25,33687.37015,3213.198338
1695643200,2023-09-25,33687.3978,3213.230865
1695664800,2023-09-25,33687.42542,3213.263357
1695686400,2023-09-26,33687.45303,3213.295848
1695708000,2023-09-26,33449.57518,3213.328414
1695729600,2023-09-26,33449.60309,3213.361248
1695751200,2023-09-26,33461.05544,3193.379254
1695772800,2023-09-27,33461.07384,3193.411581
1695794400,2023-09-27,33462.79247,3193.444015
1695816000,2023-09-27,33462.98005,3193.476359
1695837600,2023-09-27,33432.61333,3193.508653
1695859200,2023-09-28,33432.64097,3193.541172
1695880800,2023-09-28,33433.38363,3193.543852
1695902400,2023-09-28,33757.37214,3193.575968
1695924000,2023-09-28,33757.42101,3193.65596
1695945600,2023-09-29,33786.12833,3193.697095
1695967200,2023-09-29,33794.76773,3192.025314
1695988800,2023-09-29,33790.4835,3192.057315
1696010400,2023-09-29,33791.82401,3217.089802
1696032000,2023-09-30,33912.36596,3217.122201
1696053600,2023-09-30,33934.88286,3217.154565
1696075200,2023-09-30,33818.30792,3217.187031
1696096800,2023-09-30,33818.33538,3217.219332
1696118400,2023-10-01,33818.51912,3217.251688
1696140000,2023-10-01,33819.44675,3217.284189
1696161600,2023-10-01,33848.80999,3218.326622
1696183200,2023-10-01,33951.40215,3218.35904
1696204800,2023-10-02,33951.42956,3217.391368
1696226400,2023-10-02,33951.45696,3217.4236
1696248000,2023-10-02,34151.48432,3217.455788
1696269600,2023-10-02,34151.9993,3217.487851
1696291200,2023-10-03,34159.95069,3217.519998
1696312800,2023-10-03,34213.31641,3217.552066
1696334400,2023-10-03,34198.34148,3217.584379
1696356000,2023-10-03,34147.48078,3217.616468
1696377600,2023-10-04,34147.50804,3217.648538
1696399200,2023-10-04,34157.14766,3217.680713
1696420800,2023-10-04,34157.17528,3237.713199
1696442400,2023-10-04,34157.80126,3237.74577
1696464000,2023-10-05,34171.80728,3237.778285
1696485600,2023-10-05,34181.55834,3237.810806
1696507200,2023-10-05,34862.10713,3237.842949
1696528800,2023-10-05,34931.60446,3247.880974
1696550400,2023-10-06,34964.18971,3247.912913
1696572000,2023-10-06,35262.97373,3247.944835
1696593600,2023-10-06,35689.50966,3247.976213
1696615200,2023-10-06,35689.42068,3192.775463
1696636800,2023-10-07,35689.74628,3192.805758
1696658400,2023-10-07,35707.78428,3192.83605
1696680000,2023-10-07,35746.81118,3192.86627
1696701600,2023-10-07,35746.92891,3192.896486
1696723200,2023-10-08,35747.05593,3192.926786
1696744800,2023-10-08,35754.31211,3192.957014
1696766400,2023-10-08,35761.13179,3192.987394
1696788000,2023-10-08,35761.61764,3193.017532
1696809600,2023-10-09,35759.66566,3193.047722
1696831200,2023-10-09,36264.22367,3193.077984
1696852800,2023-10-09,36264.24905,3193.10784
1696874400,2023-10-09,36164.26989,3193.137837
1696896000,2023-10-10,37110.56707,3193.167508
1696917600,2023-10-10,37107.54743,3193.196628
1696939200,2023-10-10,37139.05882,3193.225724
1696960800,2023-10-10,36360.42556,3193.254861
1696982400,2023-10-11,36370.45084,3193.284604
1697004000,2023-10-11,36383.61958,3188.364368
1697025600,2023-10-11,37555.82339,3188.744106
1697047200,2023-10-11,37539.49424,3188.772889
1697068800,2023-10-12,37952.22688,3188.401642
1697090400,2023-10-12,37955.57959,3188.42999
1697112000,2023-10-12,37804.5287,3188.458408
1697133600,2023-10-12,37804.55301,3194.487014
1697155200,2023-10-13,37553.63499,3194.521177
1697176800,2023-10-13,37555.95951,3196.550021
1697198400,2023-10-13,37557.11408,3196.578912
1697220000,2023-10-13,37322.24417,3196.607827
1697241600,2023-10-14,37322.26881,3196.636819
1697263200,2023-10-14,37323.30298,3196.666233
1697284800,2023-10-14,37508.21247,3196.695172
1697306400,2023-10-14,37703.96235,3196.72398
1697328000,2023-10-15,37943.37805,3196.75261
1697349600,2023-10-15,37943.41617,3196.78121
1697371200,2023-10-15,37943.44044,3196.809763
1697392800,2023-10-15,37944.45874,3196.838331
1697414400,2023-10-16,37350.2108,3196.867235
1697436000,2023-10-16,37358.07448,3196.896222
1697457600,2023-10-16,37377.91176,3196.925151
1697479200,2023-10-16,37365.19668,3196.954094
1697500800,2023-10-17,37379.01961,3196.798344
1697522400,2023-10-17,37448.17136,3196.827349
1697544000,2023-10-17,37438.58338,3196.85635
1697565600,2023-10-17,37433.86381,3196.885285
1697587200,2023-10-18,37387.13971,3196.914307
1697608800,2023-10-18,37387.20355,3196.943352
1697630400,2023-10-18,38744.71811,3196.966353
1697652000,2023-10-18,38744.04945,3196.994272
1697673600,2023-10-19,38744.7999,3197.022271
1697695200,2023-10-19,38740.67999,3207.050623
1697716800,2023-10-19,38740.70391,3207.078768
1697738400,2023-10-19,38842.1374,3207.106817
1697760000,2023-10-20,38782.16125,3207.114855
1697781600,2023-10-20,39072.14944,3200.580175
1697803200,2023-10-20,39082.94622,3200.608027
1697824800,2023-10-20,39084.717,3200.635782
1697846400,2023-10-21,39084.66505,3092.790498
1697868000,2023-10-21,39087.44492,3092.816485
1697889600,2023-10-21,39103.81975,3092.842463
1697911200,2023-10-21,39117.78055,3092.868394
1697932800,2023-10-22,39202.80251,3092.894224
1697954400,2023-10-22,39202.82455,3092.920151
1697976000,2023-10-22,39232.84662,3092.94612
1697997600,2023-10-22,39435.6971,3092.971872
1698019200,2023-10-23,39435.72398,3092.997618
1698040800,2023-10-23,39535.75923,3028.049223
1698062400,2023-10-23,39561.98595,3028.073799
1698084000,2023-10-23,39684.51146,3028.098305
1698105600,2023-10-24,39648.08958,3028.122868
1698127200,2023-10-24,40132.73845,2998.565471
1698148800,2023-10-24,40132.94496,2998.591289
1698170400,2023-10-24,40133.42556,3019.615128
1698192000,2023-10-25,40133.44607,3019.639254
1698213600,2023-10-25,39237.6462,3019.663572
1698235200,2023-10-25,40237.66699,3019.688033
1698256800,2023-10-25,40270.76819,3019.712109
1698278400,2023-10-26,40275.01669,3019.736179
1698300000,2023-10-26,40273.66305,3019.760181
1698321600,2023-10-26,40273.39033,2979.78105
1698343200,2023-10-26,40273.4102,2979.804423
1698364800,2023-10-27,40291.47376,2979.827751
1698386400,2023-10-27,40298.48689,2979.851138
1698408000,2023-10-27,40299.27644,2979.87451
1698429600,2023-10-27,40304.28795,2644.280313
1698451200,2023-10-28,40297.36019,2644.298685
1698472800,2023-10-28,40298.91727,2644.31713
1698494400,2023-10-28,40307.19582,2644.335532
1698516000,2023-10-28,40410.93845,2644.353955
1698537600,2023-10-29,40410.95401,2644.372268
1698559200,2023-10-29,40410.96968,2644.390704
1698580800,2023-10-29,40415.33747,2644.409069
1698602400,2023-10-29,40568.36702,2629.408069
1698624000,2023-10-30,40708.71462,2629.426206
1698645600,2023-10-30,40752.11412,2629.444242
1698667200,2023-10-30,38751.18895,2629.462901
1698688800,2023-10-30,38751.20501,2629.481806
1698710400,2023-10-31,39067.21624,2629.500784
1698732000,2023-10-31,39076.48623,2629.519603
1698753600,2023-10-31,39196.50218,2629.538363
1698775200,2023-10-31,39176.5181,2629.557101
1698796800,2023-11-01,39193.80613,2629.575829
1698818400,2023-11-01,39195.81262,2629.594562
1698840000,2023-11-01,39194.42854,2629.613286
1698861600,2023-11-01,39199.7765,2629.631987
1698883200,2023-11-02,39197.78913,4512.168693
1698904800,2023-11-02,39197.08492,6258.490955
1698926400,2023-11-02,39266.37697,7553.617301
1698948000,2023-11-02,37445.88652,8817.764017
1698969600,2023-11-03,37465.29535,9513.198958
1698991200,2023-11-03,38533.04608,9599.366394
1699012800,2023-11-03,38499.62239,9600.001907
1699034400,2023-11-03,38502.58893,9600.256666
1699056000,2023-11-04,38537.45033,9600.510352
1699077600,2023-11-04,38537.66692,9600.765173
1699099200,2023-11-04,38514.24021,9601.019807
1699120800,2023-11-04,38104.61346,8951.111814
1699142400,2023-11-05,38129.45823,8951.335333
1699164000,2023-11-05,38126.60532,9593.590546
1699185600,2023-11-05,38105.11431,9593.847659
1699207200,2023-11-05,38105.33314,9593.286138
1699228800,2023-11-06,37996.33377,9413.473017
1699250400,2023-11-06,37796.54786,9597.724895
1699272000,2023-11-06,38072.13872,9597.982275
1699293600,2023-11-06,38065.9716,9864.253877
1699315200,2023-11-07,38066.20284,9874.525932
1699336800,2023-11-07,38043.95655,9870.781541
1699358400,2023-11-07,38044.18718,9871.052888
1699380000,2023-11-07,38064.41725,9871.323569
1699401600,2023-11-08,38063.91675,9871.594349
1699423200,2023-11-08,38064.14768,9871.866049
1699444800,2023-11-08,38063.04047,10872.16474
1699466400,2023-11-08,38063.30467,10372.47557
1699488000,2023-11-09,38072.16976,9806.306188
1699509600,2023-11-09,38121.14148,8776.446075
1699531200,2023-11-09,38577.03264,8476.426221
1699552800,2023-11-09,39377.44519,8406.618142
1699574400,2023-11-10,39800.10617,6179.687657
1699596000,2023-11-10,39689.29268,5806.43283
1699617600,2023-11-10,39691.90702,5806.522876
1699639200,2023-11-10,39691.98365,5806.559533
1699660800,2023-11-11,39692.06035,5806.649783
1699682400,2023-11-11,39732.49906,5806.740222
1699704000,2023-11-11,39750.38448,5806.830173
1699725600,2023-11-11,39750.46108,5806.920298
1699747200,2023-11-12,39685.53777,5807.010525
1699768800,2023-11-12,39687.9736,5256.537442
1699790400,2023-11-12,39689.65196,5175.052142
1699812000,2023-11-12,39689.71273,5175.123633
1699833600,2023-11-13,39693.16361,5175.195164
1699855200,2023-11-13,39753.22425,5155.385659
1699876800,2023-11-13,39753.28465,5155.456731
1699898400,2023-11-13,39753.34493,5155.527646
1699920000,2023-11-14,39753.39691,4712.641295
1699941600,2023-11-14,39753.44714,4712.700386
1699963200,2023-11-14,39753.49705,4682.189457
1699984800,2023-11-14,39753.54679,4682.247983
1700006400,2023-11-15,39652.29341,4657.028758
1700028000,2023-11-15,39630.83357,4657.08689
1700049600,2023-11-15,39630.88312,4657.145195
1700071200,2023-11-15,39798.02245,4657.203021
1700092800,2023-11-16,39798.0715,4657.26073
1700114400,2023-11-16,35023.62857,4657.319723
1700136000,2023-11-16,34882.3869,4777.386837
1700157600,2023-11-16,34882.44575,4777.456082
1700179200,2023-11-17,34673.9851,4777.525965
1700200800,2023-11-17,34757.39688,4777.595769
1700222400,2023-11-17,34429.75915,4977.666396
1700244000,2023-11-17,34429.82403,4977.742727
1700265600,2023-11-18,34707.82638,4977.819086
1700287200,2023-11-18,34725.40457,5147.89857
1700308800,2023-11-18,34825.47386,5147.980097
1700330400,2023-11-18,34899.56714,5148.061161
1700352000,2023-11-19,34934.40668,5148.141818
1700373600,2023-11-19,34942.11109,4958.216759
1700395200,2023-11-19,35004.99155,5014.766761
1700416800,2023-11-19,35016.02994,5014.843113
1700438400,2023-11-20,35013.34631,5014.91934
1700460000,2023-11-20,35015.16099,5014.995485
1700481600,2023-11-20,34718.88331,5015.071984
1700503200,2023-11-20,34772.20902,5015.149042
1700524800,2023-11-21,34772.27216,4835.223323
1700546400,2023-11-21,34788.33146,4751.150251
1700568000,2023-11-21,34821.93722,4751.219173
1700589600,2023-11-21,34826.63503,4744.791875
1700611200,2023-11-22,34826.69576,4944.863318
1700632800,2023-11-22,34815.9414,4944.938004
1700654400,2023-11-22,34816.00456,4915.01231
1700676000,2023-11-22,35028.01429,4915.085607
1700697600,2023-11-23,35061.57933,4765.156792
1700719200,2023-11-23,35061.63785,4765.225639
1700740800,2023-11-23,35321.25707,4765.293883
1700762400,2023-11-23,35321.31503,4765.362076
1700784000,2023-11-24,35321.37338,4765.430726
1700805600,2023-11-24,35285.63112,4764.494463
1700827200,2023-11-24,35310.51358,4764.562674
1700848800,2023-11-24,35310.57154,4764.630867
1700870400,2023-11-25,35310.63073,4864.700498
1700892000,2023-11-25,35313.61434,4864.771586
1700913600,2023-11-25,35320.75145,4688.280505
1700935200,2023-11-25,35322.35768,4688.346658
1700956800,2023-11-26,35324.7605,4688.413032
1700978400,2023-11-26,35431.00125,4688.478824
1701000000,2023-11-26,35432.77225,4688.544852
1701021600,2023-11-26,35432.8284,4688.610916
1701043200,2023-11-27,35427.88453,4688.676948
1701064800,2023-11-27,35392.39101,4688.742933
1701086400,2023-11-27,35406.43097,4688.808908
1701108000,2023-11-27,35736.48699,4688.874817
1701129600,2023-11-28,35736.54243,4688.940037
1701151200,2023-11-28,35790.49824,4689.005308
1701172800,2023-11-28,35790.55372,4689.070578
1701194400,2023-11-28,35790.60917,4689.135813
1701216000,2023-11-29,37247.59621,4707.199991
1701237600,2023-11-29,37299.33182,4707.263107
1701259200,2023-11-29,37018.5506,4707.326345
1701280800,2023-11-29,37018.60472,4707.390015
1701302400,2023-11-30,37178.23693,4689.452992
1701324000,2023-11-30,37330.64904,4689.515397
1701345600,2023-11-30,37362.6949,4689.578039
1701367200,2023-11-30,37332.16967,4689.640728
1701388800,2023-12-01,37338.22281,4689.703242
1701410400,2023-12-01,37322.03525,4689.765653
1701432000,2023-12-01,37322.08856,4689.828371
1701453600,2023-12-01,37322.14166,4689.890845
1701475200,2023-12-02,37322.19476,4689.953319
1701496800,2023-12-02,37322.24792,4690.015865
1701518400,2023-12-02,37314.45764,4689.57823
1701540000,2023-12-02,37334.51428,4689.640583
1701561600,2023-12-03,37331.15185,4689.703034
1701583200,2023-12-03,37331.2052,4689.765803
1701604800,2023-12-03,37340.86378,4689.828527
1701626400,2023-12-03,37340.93542,4689.891319
1701648000,2023-12-04,37357.76628,4689.953918
1701669600,2023-12-04,37605.98012,4690.01617
1701691200,2023-12-04,37606.03291,4690.078282
1701712800,2023-12-04,37706.03794,4690.140301
1701734400,2023-12-05,37706.09449,4931.206831
1701756000,2023-12-05,37706.15296,4931.275619
1701777600,2023-12-05,37711.09965,4931.344167
1701799200,2023-12-05,44404.25776,4931.411932
1701820800,2023-12-06,45446.29566,4931.468799
1701842400,2023-12-06,45446.34423,4931.525941
1701864000,2023-12-06,45270.77381,4931.582674
1701885600,2023-12-06,45288.06939,4931.640213
1701907200,2023-12-07,45298.2356,4931.697263
1701928800,2023-12-07,45278.63501,4931.754317
1701950400,2023-12-07,45278.68368,5122.874816
1701972000,2023-12-07,45322.25984,5106.894464
1701993600,2023-12-08,45322.29762,4194.793003
1702015200,2023-12-08,45322.21274,4194.834323
1702036800,2023-12-08,45318.96617,4194.875553
1702058400,2023-12-08,45323.84452,4194.916829
1702080000,2023-12-09,45467.17799,4194.958188
1702101600,2023-12-09,45460.71293,4194.99929
1702123200,2023-12-09,45499.36329,3935.10107
1702144800,2023-12-09,45529.97799,3935.13739
1702166400,2023-12-10,45583.51606,3935.17345
1702188000,2023-12-10,45583.59852,3935.209565
1702209600,2023-12-10,45476.18503,3935.245596
1702231200,2023-12-10,45476.21578,3935.281777
1702252800,2023-12-11,45470.91245,3935.31782
1702274400,2023-12-11,45471.56318,3935.353946
1702296000,2023-12-11,45601.14364,3935.390282
1702317600,2023-12-11,45481.58341,3945.42653
1702339200,2023-12-12,45444.08361,3774.317368
1702360800,2023-12-12,45447.5356,3774.350617
1702382400,2023-12-12,45423.87862,3774.383938
1702404000,2023-12-12,45422.4843,3774.417297
1702425600,2023-12-13,45422.51253,3774.450509
1702447200,2023-12-13,46448.65838,3774.389305
1702468800,2023-12-13,46448.6861,3774.42191
1702490400,2023-12-13,46448.7139,3774.454624
1702512000,2023-12-14,46448.74159,3774.487194
1702533600,2023-12-14,46499.90381,3774.519789
1702555200,2023-12-14,46888.23421,3774.552332
1702576800,2023-12-14,47190.88396,3774.584466
1702598400,2023-12-15,47190.91125,3774.616579
1702620000,2023-12-15,47190.93852,3774.648657
1702641600,2023-12-15,47190.96578,3774.680735
1702663200,2023-12-15,48356.42993,3774.7122
1702684800,2023-12-16,48356.7831,3774.743646
1702706400,2023-12-16,48356.81005,3774.775354
1702728000,2023-12-16,48356.83668,3774.806679
1702749600,2023-12-16,48339.23922,3774.838132
1702771200,2023-12-17,48339.26588,3774.869487
1702792800,2023-12-17,48338.64031,3774.900843
1702814400,2023-12-17,48338.6671,3774.932356
1702836000,2023-12-17,48338.69383,3774.9638
1702857600,2023-12-18,48338.72042,3774.995088
1702879200,2023-12-18,48617.52115,3775.026199
1702900800,2023-12-18,48004.10204,3775.057666
1702922400,2023-12-18,49171.77015,1575.083947
1702944000,2023-12-19,49172.59949,1575.089287
1702965600,2023-12-19,49172.60407,1575.09468
1702987200,2023-12-19,49182.60866,1573.272222
1703008800,2023-12-19,49182.61321,1590.777584
1703030400,2023-12-20,49183.71392,1590.78306
1703052000,2023-12-20,55548.65722,2091.91045
1703073600,2023-12-20,55215.75202,2246.069975
1703095200,2023-12-20,55109.79572,2205.68666
1703116800,2023-12-21,55114.52423,2255.69618
1703138400,2023-12-21,55040.42374,2267.756002
1703160000,2023-12-21,55058.13776,2267.765956
1703181600,2023-12-21,54895.95462,2292.775993
1703203200,2023-12-22,54890.47296,2292.786123
1703224800,2023-12-22,54890.48141,2240.403963
1703246400,2023-12-22,54890.48969,2240.413706
1703268000,2023-12-22,54991.7327,2227.859909
1703289600,2023-12-23,55015.13098,2217.823537
1703311200,2023-12-23,55015.13906,2217.833041
1703332800,2023-12-23,55021.5206,2217.842567
1703354400,2023-12-23,55025.39835,2217.852065
1703376000,2023-12-24,55025.92618,2312.861968
1703397600,2023-12-24,55025.93457,2397.857562
1703419200,2023-12-24,55019.93887,2287.868836
1703440800,2023-12-24,55528.68201,2187.87618
1703462400,2023-12-25,55527.94005,2187.885354
1703484000,2023-12-25,55538.69992,2092.894276
1703505600,2023-12-25,55538.70711,2092.902735
1703527200,2023-12-25,55538.71427,2092.911161
1703548800,2023-12-26,55538.72145,2105.240874
1703570400,2023-12-26,55423.94399,2105.249364
1703592000,2023-12-26,55032.12593,2105.257852
1703613600,2023-12-26,55032.13322,2105.266428
1703635200,2023-12-27,55142.14049,2105.274979
1703656800,2023-12-27,55116.8723,2105.313541
1703678400,2023-12-27,55568.18751,1609.565814
1703700000,2023-12-27,55566.71022,1597.249143
1703721600,2023-12-28,55598.71426,1562.679485
1703743200,2023-12-28,55493.14152,1562.684173
1703764800,2023-12-28,55504.07861,1562.567486
1703786400,2023-12-28,55500.71914,848.6418769
1703808000,2023-12-29,55585.7203,848.6432519
1703829600,2023-12-29,55585.72148,852.6446331
1703851200,2023-12-29,55520.7933,852.246027
1703872800,2023-12-29,55692.4031,852.2474243
1703894400,2023-12-30,53585.75246,857.2488604
1703916000,2023-12-30,53599.19121,858.7614299
1703937600,2023-12-30,48898.93914,869.763008
1703959200,2023-12-30,48898.94054,871.7646584
1703980800,2023-12-31,47226.6195,872.266345
1704002400,2023-12-31,47174.65275,872.26806
1704024000,2023-12-31,47183.19233,882.2698127
1704045600,2023-12-31,47183.19382,882.2715675
1704067200,2024-01-01,47121.4926,882.273319
1704088800,2024-01-01,47121.4941,882.27508
1704110400,2024-01-01,47121.4956,882.2768527
1704132000,2024-01-01,47121.9371,882.2786089
1704153600,2024-01-02,47116.00862,732.2802441
1704175200,2024-01-02,47131.76372,732.3614587
1704196800,2024-01-02,47083.343,732.3626718
1704218400,2024-01-02,47083.34403,732.3638862
1704240000,2024-01-03,47083.43962,732.3650952
1704261600,2024-01-03,47083.44065,735.3663104
1704283200,2024-01-03,47169.45535,735.3675347
1704304800,2024-01-03,47341.25926,735.3687542
1704326400,2024-01-04,44394.08535,735.3700207
1704348000,2024-01-04,44397.1814,735.3713134
1704369600,2024-01-04,44751.79746,735.3725982
1704391200,2024-01-04,44751.79888,862.3742644
1704412800,2024-01-05,44773.83425,862.376041
1704434400,2024-01-05,43693.94392,862.3665979
1704456000,2024-01-05,43715.28953,862.368418
1704477600,2024-01-05,43713.77532,757.3691529
1704499200,2024-01-06,43740.67804,762.3705628
1704520800,2024-01-06,43740.67924,762.3719777
1704542400,2024-01-06,43504.93185,762.3734084
1704564000,2024-01-06,43493.96093,762.3748573
1704585600,2024-01-07,43486.01216,762.3763009
1704607200,2024-01-07,43486.01338,762.3777329
1704628800,2024-01-07,43486.0146,762.3791759
1704650400,2024-01-07,43486.01581,762.3805968
1704672000,2024-01-08,43488.86445,780.3820586
1704693600,2024-01-08,43484.71509,780.383564
1704715200,2024-01-08,43477.89636,780.385062
1704736800,2024-01-08,43496.0544,780.3865598
1704758400,2024-01-09,43658.16287,780.3880447
1704780000,2024-01-09,43687.03537,777.3893954
1704801600,2024-01-09,43686.03663,777.3908677
1704823200,2024-01-09,43688.23717,777.3923382
1704844800,2024-01-10,43661.88292,777.3938079
1704866400,2024-01-10,43677.10839,777.3952789
1704888000,2024-01-10,44021.45219,777.396739
1704909600,2024-01-10,43904.18349,777.3981994
1704931200,2024-01-11,44008.59616,811.3997264
1704952800,2024-01-11,44017.59894,811.4013178
1704974400,2024-01-11,44066.00017,811.4029103
1704996000,2024-01-11,44054.96397,811.4044997
1705017600,2024-01-12,44054.96532,811.4060937
1705039200,2024-01-12,44053.52226,811.4076824
1705060800,2024-01-12,44678.5236,811.4092542
1705082400,2024-01-12,44268.64782,811.4108309
1705104000,2024-01-13,44267.73279,811.4124076
1705125600,2024-01-13,44245.35614,811.4139857
1705147200,2024-01-13,44171.40858,803.7138368
1705168800,2024-01-13,44107.88536,803.7153928
1705190400,2024-01-14,44107.88668,803.7169445
1705212000,2024-01-14,44107.888,802.5149098
1705233600,2024-01-14,44082.90438,802.5164578
1705255200,2024-01-14,44082.62555,792.4365145
1705276800,2024-01-15,44082.00678,754.4283251
1705298400,2024-01-15,44087.34185,698.4191196
1705320000,2024-01-15,44067.15517,698.4202962
1705341600,2024-01-15,44090.62784,698.4214681
1705363200,2024-01-16,44090.62884,698.4226397
1705384800,2024-01-16,44184.78927,698.423806
1705406400,2024-01-16,44181.62082,698.4249758
1705428000,2024-01-16,44666.62181,698.4261366
1705449600,2024-01-17,44666.62278,693.4272783
1705471200,2024-01-17,44666.62375,693.3984208
1705492800,2024-01-17,44771.80874,693.3995593
1705514400,2024-01-17,44876.29061,697.4007116
1705536000,2024-01-18,44876.29158,691.4018581
1705557600,2024-01-18,44876.29377,691.4029873
1705579200,2024-01-18,44876.29473,691.4041198
1705600800,2024-01-18,44876.29569,691.4052503
1705622400,2024-01-19,45097.43814,691.4063744
1705644000,2024-01-19,44988.26407,691.4074998
1705665600,2024-01-19,44989.36272,581.0710231
1705687200,2024-01-19,44981.17629,581.0718173
1705708800,2024-01-20,44931.17696,581.0726138
1705730400,2024-01-20,46111.01483,581.0733955
1705752000,2024-01-20,46212.50548,581.0741672
1705773600,2024-01-20,46212.50614,581.0749413
1705795200,2024-01-21,46221.23342,581.0757167
1705816800,2024-01-21,46238.45226,593.0765148
1705838400,2024-01-21,46247.13732,593.0773203
1705860000,2024-01-21,46247.138,593.3781245
1705881600,2024-01-22,46247.13872,593.3789762
1705903200,2024-01-22,46247.13942,593.3797919
1705924800,2024-01-22,46298.30011,593.0805991
1705946400,2024-01-22,46298.11454,593.0814148
1705968000,2024-01-23,46301.76522,593.0822301
1705989600,2024-01-23,46342.76126,593.0830373
1706011200,2024-01-23,46420.81918,593.5838478
1706032800,2024-01-23,46522.55229,593.584654
1706054400,2024-01-24,46582.55298,593.5850558
1706076000,2024-01-24,46582.55366,593.5858599
1706097600,2024-01-24,46998.94329,593.5866602
1706119200,2024-01-24,46489.87238,593.5874584
1706140800,2024-01-25,47023.16236,593.5882661
1706162400,2024-01-25,47024.63021,593.589064
1706184000,2024-01-25,46970.06376,593.5898618
1706205600,2024-01-25,46970.06443,593.5906549
1706227200,2024-01-26,46970.06511,593.591451
1706248800,2024-01-26,46771.10018,593.5922496
1706270400,2024-01-26,46765.67968,593.5930506
1706292000,2024-01-26,46765.68036,593.5938498
1706313600,2024-01-27,46872.3633,593.5946506
1706335200,2024-01-27,46872.36398,593.5954502
1706356800,2024-01-27,46871.37895,593.5962503
1706378400,2024-01-27,47133.67765,593.7470469
1706400000,2024-01-28,47133.71247,593.7478482
1706421600,2024-01-28,47127.29835,593.7486474
1706443200,2024-01-28,47127.29902,594.7494425
1706464800,2024-01-28,47127.2997,594.7502395
1706486400,2024-01-29,47136.22655,595.1510359
1706508000,2024-01-29,47136.19014,1065.252157
1706529600,2024-01-29,46584.19247,1417.154899
1706551200,2024-01-29,47056.19636,1417.159468
1706572800,2024-01-30,47056.20023,1417.164023
1706594400,2024-01-30,47153.61099,1417.168556
1706616000,2024-01-30,47160.21958,1377.166389
1706637600,2024-01-30,47162.5681,1377.170659
1706659200,2024-01-31,47137.5173,1377.174924
1706680800,2024-01-31,47117.50817,1375.178746
1706702400,2024-01-31,47117.51181,1375.183025
1706724000,2024-01-31,47117.51544,1375.187301
1706745600,2024-02-01,47108.02364,1375.191563
1706767200,2024-02-01,47108.02729,1375.195855
1706788800,2024-02-01,47108.03092,1375.200127
1706810400,2024-02-01,47108.03438,1279.637111
1706832000,2024-02-02,47108.03756,1291.640852
1706853600,2024-02-02,47119.76112,1402.50058
1706875200,2024-02-02,48195.00686,1402.50499
1706896800,2024-02-02,48309.71084,1402.509317
1706918400,2024-02-03,48310.10353,1402.513653
1706940000,2024-02-03,48310.10725,1402.618025
1706961600,2024-02-03,48310.11212,1402.622349
1706983200,2024-02-03,48310.11582,1402.626696
1707004800,2024-02-04,48257.41667,1402.631023
1707026400,2024-02-04,48257.42038,1402.635381
1707048000,2024-02-04,48250.31765,1402.639725
1707069600,2024-02-04,48250.32135,1402.644081
1707091200,2024-02-05,48265.13572,1402.64842
1707112800,2024-02-05,48264.6394,1402.652751
1707134400,2024-02-05,48261.69249,492.0797573
1707156000,2024-02-05,48219.7014,494.080297
1707177600,2024-02-06,48229.70185,494.0808349
1707199200,2024-02-06,48129.70232,498.0813796
1707220800,2024-02-06,47684.21278,498.0819312
1707242400,2024-02-06,47684.21326,498.082487
1707264000,2024-02-07,47684.02431,498.0830413
1707285600,2024-02-07,47015.88915,498.0835977
1707307200,2024-02-07,47016.14449,497.9341578
1707328800,2024-02-07,47016.14497,497.9347184
1707350400,2024-02-08,46969.62914,497.9352783
1707372000,2024-02-08,46967.51962,497.9358435
1707393600,2024-02-08,46967.5201,497.9364025
1707415200,2024-02-08,46967.52058,497.9369662
1707436800,2024-02-09,46967.52106,497.9375284
1707458400,2024-02-09,46952.52153,496.6817785
1707480000,2024-02-09,46870.4424,496.6823396
1707501600,2024-02-09,46538.77469,462.6753586
1707523200,2024-02-10,46258.31979,462.675846
1707544800,2024-02-10,46258.32017,438.676291
1707566400,2024-02-10,46253.32055,438.1766626
1707588000,2024-02-10,46253.32093,438.1771069
1707609600,2024-02-11,46169.70385,438.1775494
1707631200,2024-02-11,46170.09094,438.1779918
1707652800,2024-02-11,45110.23113,438.1784449
1707674400,2024-02-11,45072.83152,438.1788995
1707696000,2024-02-12,45150.70605,438.1793522
1707717600,2024-02-12,45149.20644,438.1798063
1707739200,2024-02-12,45145.18361,438.180258
1707760800,2024-02-12,45145.18399,438.1807098
1707782400,2024-02-13,45145.18438,438.1811612
1707804000,2024-02-13,45149.10927,438.181612
1707825600,2024-02-13,45149.10965,438.1820641
1707847200,2024-02-13,45152.75127,438.1825207
1707868800,2024-02-14,44944.39018,438.1829716
1707890400,2024-02-14,44999.87715,453.183445
1707912000,2024-02-14,44994.93616,453.1839303
1707933600,2024-02-14,45585.43656,453.184414
1707955200,2024-02-15,45379.91769,453.1848959
1707976800,2024-02-15,45381.14683,453.1853786
1707998400,2024-02-15,45384.14724,453.1858592
1708020000,2024-02-15,45410.52454,453.186339
1708041600,2024-02-16,45069.56373,453.1868219
1708063200,2024-02-16,45069.37081,453.1873042
1708084800,2024-02-16,45067.56464,453.1877911
1708106400,2024-02-16,45067.56506,453.1882788
1708128000,2024-02-17,45065.21164,453.4887617
1708149600,2024-02-17,45067.1735,453.4892487
1708171200,2024-02-17,45067.17392,453.4897354
1708192800,2024-02-17,45161.90076,433.6329235
1708214400,2024-02-18,45161.90113,433.6333673
1708236000,2024-02-18,45161.90151,433.6338117
1708257600,2024-02-18,45161.90189,433.6342565
1708279200,2024-02-18,45169.9818,433.6347025
1708300800,2024-02-19,45162.21787,433.6351478
1708322400,2024-02-19,45159.06445,433.6355944
1708344000,2024-02-19,45171.08358,473.6361165
1708365600,2024-02-19,45171.08403,473.6366468
1708387200,2024-02-20,45171.08448,473.6371739
1708408800,2024-02-20,45176.72952,471.8203128
1708430400,2024-02-20,45263.19193,471.8208362
1708452000,2024-02-20,45252.12706,471.8213612