Timestamp,Market,Data Type,Value
1711648800.0,AAVE,Supplied rETH,41713.43225738368
1711648800.0,AAVE,Borrowed rETH,724.927558396935
1711670400.0,AAVE,Supplied rETH,41713.43341480489
1711670400.0,AAVE,Borrowed rETH,724.9289200729377
1711692000.0,AAVE,Supplied rETH,41723.384951041204
1711692000.0,AAVE,Borrowed rETH,724.9302615529201
1711713600.0,AAVE,Supplied rETH,41722.34107248536
1711713600.0,AAVE,Borrowed rETH,724.9316050921977
1711735200.0,AAVE,Supplied rETH,41692.342218324135
1711735200.0,AAVE,Borrowed rETH,724.9329531398303
1711756800.0,AAVE,Supplied rETH,41662.34920581316
1711756800.0,AAVE,Borrowed rETH,724.9343007881976
1711778400.0,AAVE,Supplied rETH,41662.35034877672
1711778400.0,AAVE,Borrowed rETH,724.935645474068
1711800000.0,AAVE,Supplied rETH,41662.35150003084
1711800000.0,AAVE,Borrowed rETH,724.9369998924435
1711821600.0,AAVE,Supplied rETH,41662.35264811171
1711821600.0,AAVE,Borrowed rETH,724.9383505801021
1711843200.0,AAVE,Supplied rETH,41662.35379428863
1711843200.0,AAVE,Borrowed rETH,724.9396990303246
1711864800.0,AAVE,Supplied rETH,41662.35486530563
1711864800.0,AAVE,Borrowed rETH,689.9355648747621
1711886400.0,AAVE,Supplied rETH,41662.35590462919
1711886400.0,AAVE,Borrowed rETH,689.9367876094404
1711908000.0,AAVE,Supplied rETH,41676.356946580425
1711908000.0,AAVE,Borrowed rETH,689.9380134353723
1711929600.0,AAVE,Supplied rETH,41666.02883595802
1711929600.0,AAVE,Borrowed rETH,689.9392318552451
1711951200.0,AAVE,Supplied rETH,41675.09199036838
1711951200.0,AAVE,Borrowed rETH,639.9403788490757
1711972800.0,AAVE,Supplied rETH,41677.106932838535
1711972800.0,AAVE,Borrowed rETH,639.9414356694227
1711994400.0,AAVE,Supplied rETH,41677.10782173377
1711994400.0,AAVE,Borrowed rETH,639.942481430712
1712016000.0,AAVE,Supplied rETH,41677.108753254746
1712016000.0,AAVE,Borrowed rETH,679.9435773401658
1712037600.0,AAVE,Supplied rETH,41527.10983721704
1712037600.0,AAVE,Borrowed rETH,762.444852590695
1712059200.0,AAVE,Supplied rETH,41398.571228245586
1712059200.0,AAVE,Borrowed rETH,762.4463489267183
1712080800.0,AAVE,Supplied rETH,41461.84390920259
1712080800.0,AAVE,Borrowed rETH,762.4478525550746
1712102400.0,AAVE,Supplied rETH,41461.84517755554
1712102400.0,AAVE,Borrowed rETH,762.4493447370518
1712124000.0,AAVE,Supplied rETH,41563.01668025653
1712124000.0,AAVE,Borrowed rETH,762.4508327388993
1712145600.0,AAVE,Supplied rETH,41618.308362975404
1712145600.0,AAVE,Borrowed rETH,762.4523260163329
1712167200.0,AAVE,Supplied rETH,41596.86178515318
1712167200.0,AAVE,Borrowed rETH,762.4538088370396
1712188800.0,AAVE,Supplied rETH,41772.908097626925
1712188800.0,AAVE,Borrowed rETH,762.455290993946
1712210400.0,AAVE,Supplied rETH,41766.65133564406
1712210400.0,AAVE,Borrowed rETH,762.456769652365
1712232000.0,AAVE,Supplied rETH,41780.3404970942
1712232000.0,AAVE,Borrowed rETH,762.4582505291004
1712253600.0,AAVE,Supplied rETH,41780.3417579116
1712253600.0,AAVE,Borrowed rETH,762.4597338464572
1712275200.0,AAVE,Supplied rETH,41776.65087959614
1712275200.0,AAVE,Borrowed rETH,762.4612147963047
1712296800.0,AAVE,Supplied rETH,41766.65196985258
1712296800.0,AAVE,Borrowed rETH,762.4626941639686
1712318400.0,AAVE,Supplied rETH,41766.721103558746
1712318400.0,AAVE,Borrowed rETH,762.4641804562208
1712340000.0,AAVE,Supplied rETH,41765.75533282485
1712340000.0,AAVE,Borrowed rETH,762.4656667560133
1712361600.0,AAVE,Supplied rETH,41765.762288959435
1712361600.0,AAVE,Borrowed rETH,762.4671432062698
1712383200.0,AAVE,Supplied rETH,41822.64905235292
1712383200.0,AAVE,Borrowed rETH,764.4686288979902
1712404800.0,AAVE,Supplied rETH,41802.76234973176
1712404800.0,AAVE,Borrowed rETH,764.47011388968
1712426400.0,AAVE,Supplied rETH,41806.675155826335
1712426400.0,AAVE,Borrowed rETH,776.4716101496547
1712448000.0,AAVE,Supplied rETH,41806.559446626474
1712448000.0,AAVE,Borrowed rETH,776.4731491142933
1712469600.0,AAVE,Supplied rETH,41806.56075993273
1712469600.0,AAVE,Borrowed rETH,776.4746941822063
1712491200.0,AAVE,Supplied rETH,41848.74624525379
1712491200.0,AAVE,Borrowed rETH,776.4762253488275
1712512800.0,AAVE,Supplied rETH,41848.747552897905
1712512800.0,AAVE,Borrowed rETH,776.4777637550792
1712534400.0,AAVE,Supplied rETH,41848.748858368606
1712534400.0,AAVE,Borrowed rETH,776.4792996067196
1712556000.0,AAVE,Supplied rETH,41920.55168958386
1712556000.0,AAVE,Borrowed rETH,776.4808326879306
1712577600.0,AAVE,Supplied rETH,42166.544138432495
1712577600.0,AAVE,Borrowed rETH,764.4807380957975
1712599200.0,AAVE,Supplied rETH,42168.54539827363
1712599200.0,AAVE,Borrowed rETH,766.482220262446
1712620800.0,AAVE,Supplied rETH,42168.546659304855
1712620800.0,AAVE,Borrowed rETH,766.4837038299663
1712642400.0,AAVE,Supplied rETH,40778.41752887778
1712642400.0,AAVE,Borrowed rETH,766.4852187846598
1712664000.0,AAVE,Supplied rETH,40795.22162326584
1712664000.0,AAVE,Borrowed rETH,766.4867551330789
1712685600.0,AAVE,Supplied rETH,40795.22292748921
1712685600.0,AAVE,Borrowed rETH,766.4882895143899
1712707200.0,AAVE,Supplied rETH,40666.22419522094
1712707200.0,AAVE,Borrowed rETH,766.4898228530686
1712728800.0,AAVE,Supplied rETH,42636.22544971182
1712728800.0,AAVE,Borrowed rETH,766.4912987255475
1712750400.0,AAVE,Supplied rETH,42630.22584864705
1712750400.0,AAVE,Borrowed rETH,766.4927660645777
1712772000.0,AAVE,Supplied rETH,42630.23160862096
1712772000.0,AAVE,Borrowed rETH,766.4942311580554
1712793600.0,AAVE,Supplied rETH,42633.785636695655
1712793600.0,AAVE,Borrowed rETH,766.4956928757739
1712815200.0,AAVE,Supplied rETH,42633.78688331469
1712815200.0,AAVE,Borrowed rETH,766.4971594887693
1712836800.0,AAVE,Supplied rETH,42633.78813063199
1712836800.0,AAVE,Borrowed rETH,766.4986269231368
1712858400.0,AAVE,Supplied rETH,42637.8667009509
1712858400.0,AAVE,Borrowed rETH,766.5000942853735
1712880000.0,AAVE,Supplied rETH,42607.86794930038
1712880000.0,AAVE,Borrowed rETH,766.5015629331469
1712901600.0,AAVE,Supplied rETH,42607.86919739267
1712901600.0,AAVE,Borrowed rETH,766.5030312781495
1712923200.0,AAVE,Supplied rETH,42607.87044201744
1712923200.0,AAVE,Borrowed rETH,766.504495545728
1712944800.0,AAVE,Supplied rETH,42598.69484334617
1712944800.0,AAVE,Borrowed rETH,751.6597626318791
1712966400.0,AAVE,Supplied rETH,42888.93726105099
1712966400.0,AAVE,Borrowed rETH,751.6611663658197
1712988000.0,AAVE,Supplied rETH,42949.875658941804
1712988000.0,AAVE,Borrowed rETH,751.6625760314994
1713009600.0,AAVE,Supplied rETH,43215.59647876784
1713009600.0,AAVE,Borrowed rETH,751.6639765471833
1713031200.0,AAVE,Supplied rETH,43208.15118373711
1713031200.0,AAVE,Borrowed rETH,751.6653680198519
1713052800.0,AAVE,Supplied rETH,43107.18685241879
1713052800.0,AAVE,Borrowed rETH,751.6667726874527
1713074400.0,AAVE,Supplied rETH,43117.605912965664
1713074400.0,AAVE,Borrowed rETH,751.6681721516125
1713096000.0,AAVE,Supplied rETH,42823.53928219851
1713096000.0,AAVE,Borrowed rETH,751.6695708496507
1713117600.0,AAVE,Supplied rETH,42492.257259276004
1713117600.0,AAVE,Borrowed rETH,751.6709814723774
1713139200.0,AAVE,Supplied rETH,42492.14737305151
1713139200.0,AAVE,Borrowed rETH,751.6724005379115
1713160800.0,AAVE,Supplied rETH,42492.14857324054
1713160800.0,AAVE,Borrowed rETH,751.6738125269948
1713182400.0,AAVE,Supplied rETH,42030.78918264781
1713182400.0,AAVE,Borrowed rETH,751.6752353629786
1713204000.0,AAVE,Supplied rETH,42030.790398725825
1713204000.0,AAVE,Borrowed rETH,751.6766660448243
1713225600.0,AAVE,Supplied rETH,42097.441956219736
1713225600.0,AAVE,Borrowed rETH,751.6781005980026
1713247200.0,AAVE,Supplied rETH,42084.61026576576
1713247200.0,AAVE,Borrowed rETH,751.6795315386314
1713268800.0,AAVE,Supplied rETH,42084.83571557582
1713268800.0,AAVE,Borrowed rETH,751.680963580895
1713290400.0,AAVE,Supplied rETH,42085.83301413853
1713290400.0,AAVE,Borrowed rETH,751.6823924323304
1713312000.0,AAVE,Supplied rETH,42085.83413461095
1713312000.0,AAVE,Borrowed rETH,698.4821924469709
1713333600.0,AAVE,Supplied rETH,42085.83517979375
1713333600.0,AAVE,Borrowed rETH,698.4834220742778
1713355200.0,AAVE,Supplied rETH,41702.836236651754
1713355200.0,AAVE,Borrowed rETH,698.4846654376407
1713376800.0,AAVE,Supplied rETH,41716.8825773629
1713376800.0,AAVE,Borrowed rETH,698.4859066035866
1713398400.0,AAVE,Supplied rETH,41716.883637094215
1713398400.0,AAVE,Borrowed rETH,698.4871533481222
1713420000.0,AAVE,Supplied rETH,41229.189465774456
1713420000.0,AAVE,Borrowed rETH,698.4883972128946
1713441600.0,AAVE,Supplied rETH,40200.215018407485
1713441600.0,AAVE,Borrowed rETH,698.4896874143768
1713463200.0,AAVE,Supplied rETH,40186.0845164673
1713463200.0,AAVE,Borrowed rETH,698.4909797596529
1713484800.0,AAVE,Supplied rETH,40185.26869283051
1713484800.0,AAVE,Borrowed rETH,812.4922813893011
1713506400.0,AAVE,Supplied rETH,40155.754696763266
1713506400.0,AAVE,Borrowed rETH,812.4940302029408
1713528000.0,AAVE,Supplied rETH,40155.75618806862
1713528000.0,AAVE,Borrowed rETH,812.4957846833573
1713549600.0,AAVE,Supplied rETH,39997.53786919835
1713549600.0,AAVE,Borrowed rETH,812.4975458578184
1713571200.0,AAVE,Supplied rETH,39997.54502997616
1713571200.0,AAVE,Borrowed rETH,812.4993014330864
1713592800.0,AAVE,Supplied rETH,39997.54652304656
1713592800.0,AAVE,Borrowed rETH,812.5010579907422
1713614400.0,AAVE,Supplied rETH,39989.85410970028
1713614400.0,AAVE,Borrowed rETH,812.5028166600385
1713636000.0,AAVE,Supplied rETH,39989.85560141421
1713636000.0,AAVE,Borrowed rETH,812.50457161911
1713657600.0,AAVE,Supplied rETH,39989.85709063654
1713657600.0,AAVE,Borrowed rETH,812.5063236505886
1713679200.0,AAVE,Supplied rETH,39967.38613236899
1713679200.0,AAVE,Borrowed rETH,812.5080792052303
1713700800.0,AAVE,Supplied rETH,39967.387626602365
1713700800.0,AAVE,Borrowed rETH,812.5098371286979
1713722400.0,AAVE,Supplied rETH,39930.07860536574
1713722400.0,AAVE,Borrowed rETH,816.5115906807189
1713744000.0,AAVE,Supplied rETH,39940.18241283247
1713744000.0,AAVE,Borrowed rETH,816.5133616415324
1713765600.0,AAVE,Supplied rETH,39950.56613300142
1713765600.0,AAVE,Borrowed rETH,816.5151399476559
1713787200.0,AAVE,Supplied rETH,39850.386556165904
1713787200.0,AAVE,Borrowed rETH,816.5169119596148
1713808800.0,AAVE,Supplied rETH,39848.7243073411
1713808800.0,AAVE,Borrowed rETH,816.5186943612546
1713830400.0,AAVE,Supplied rETH,39855.48796231597
1713830400.0,AAVE,Borrowed rETH,812.5204283371892
1713852000.0,AAVE,Supplied rETH,39858.329175512095
1713852000.0,AAVE,Borrowed rETH,812.5221834062005
1713873600.0,AAVE,Supplied rETH,39857.225347719155
1713873600.0,AAVE,Borrowed rETH,812.5239452266221
1713895200.0,AAVE,Supplied rETH,39857.226846139725
1713895200.0,AAVE,Borrowed rETH,812.5257080769302
1713916800.0,AAVE,Supplied rETH,39856.74084655309
1713916800.0,AAVE,Borrowed rETH,797.5211151087276
1713938400.0,AAVE,Supplied rETH,39856.03727586872
1713938400.0,AAVE,Borrowed rETH,798.4428168483166
1713960000.0,AAVE,Supplied rETH,39855.902930509146
1713960000.0,AAVE,Borrowed rETH,798.4445201302752
1713981600.0,AAVE,Supplied rETH,39855.904383934154
1713981600.0,AAVE,Borrowed rETH,798.4462300459559
1714003200.0,AAVE,Supplied rETH,39855.90583092096
1714003200.0,AAVE,Borrowed rETH,798.4479323908967
1714024800.0,AAVE,Supplied rETH,39577.72136248563
1714024800.0,AAVE,Borrowed rETH,800.949635457041
1714046400.0,AAVE,Supplied rETH,39512.84937154725
1714046400.0,AAVE,Borrowed rETH,800.9523608617412
1714068000.0,AAVE,Supplied rETH,39512.85696155502
1714068000.0,AAVE,Borrowed rETH,800.9540859037113
1714089600.0,AAVE,Supplied rETH,39512.85842620474
1714089600.0,AAVE,Borrowed rETH,800.9522796469874
1714111200.0,AAVE,Supplied rETH,39512.859891674576
1714111200.0,AAVE,Borrowed rETH,800.9540037299631
1714132800.0,AAVE,Supplied rETH,39512.86136613317
1714132800.0,AAVE,Borrowed rETH,800.9557383898273
1714154400.0,AAVE,Supplied rETH,39501.80591381079
1714154400.0,AAVE,Borrowed rETH,800.9574742115036
1714176000.0,AAVE,Supplied rETH,39491.679949924786
1714176000.0,AAVE,Borrowed rETH,800.9592030703651
1714197600.0,AAVE,Supplied rETH,39491.68141620552
1714197600.0,AAVE,Borrowed rETH,800.9609281075495
1714219200.0,AAVE,Supplied rETH,39325.82010210671
1714219200.0,AAVE,Borrowed rETH,800.9626645764529
1714240800.0,AAVE,Supplied rETH,39342.599655147205
1714240800.0,AAVE,Borrowed rETH,800.9643983188938
1711648800.0,COMPOUND,Supplied rETH,145.01688768165906
1711648800.0,COMPOUND,Borrowed ETH,34057.52566269563
1711670400.0,COMPOUND,Supplied rETH,145.01688768165906
1711670400.0,COMPOUND,Borrowed ETH,34407.287133904945
1711692000.0,COMPOUND,Supplied rETH,145.01688768165906
1711692000.0,COMPOUND,Borrowed ETH,34407.85902554245
1711713600.0,COMPOUND,Supplied rETH,145.01688768165906
1711713600.0,COMPOUND,Borrowed ETH,35166.0309830887
1711735200.0,COMPOUND,Supplied rETH,145.01688768165906
1711735200.0,COMPOUND,Borrowed ETH,35166.62989710207
1711756800.0,COMPOUND,Supplied rETH,145.01688768165906
1711756800.0,COMPOUND,Borrowed ETH,35152.54197143619
1711778400.0,COMPOUND,Supplied rETH,145.01688768165906
1711778400.0,COMPOUND,Borrowed ETH,35153.16653464424
1711800000.0,COMPOUND,Supplied rETH,145.01688768165906
1711800000.0,COMPOUND,Borrowed ETH,35153.8151906944
1711821600.0,COMPOUND,Supplied rETH,145.01688768165906
1711821600.0,COMPOUND,Borrowed ETH,35154.46858705628
1711843200.0,COMPOUND,Supplied rETH,145.01688768165906
1711843200.0,COMPOUND,Borrowed ETH,35155.12090203647
1711864800.0,COMPOUND,Supplied rETH,145.01688768165906
1711864800.0,COMPOUND,Borrowed ETH,35155.77395089313
1711886400.0,COMPOUND,Supplied rETH,145.01688768165906
1711886400.0,COMPOUND,Borrowed ETH,35153.421936004015
1711908000.0,COMPOUND,Supplied rETH,145.01688768165906
1711908000.0,COMPOUND,Borrowed ETH,35154.07673571914
1711929600.0,COMPOUND,Supplied rETH,145.01688768165906
1711929600.0,COMPOUND,Borrowed ETH,34664.93137845117
1711951200.0,COMPOUND,Supplied rETH,145.01688768165906
1711951200.0,COMPOUND,Borrowed ETH,34669.06667682645
1711972800.0,COMPOUND,Supplied rETH,145.01688768165906
1711972800.0,COMPOUND,Borrowed ETH,35159.71477696024
1711994400.0,COMPOUND,Supplied rETH,145.0168876956823
1711994400.0,COMPOUND,Borrowed ETH,29328.854403818514
1712016000.0,COMPOUND,Supplied rETH,145.0168876956823
1712016000.0,COMPOUND,Borrowed ETH,29069.231438545587
1712037600.0,COMPOUND,Supplied rETH,145.0168876956823
1712037600.0,COMPOUND,Borrowed ETH,29069.68703782755
1712059200.0,COMPOUND,Supplied rETH,145.0168876956823
1712059200.0,COMPOUND,Borrowed ETH,31869.369723197622
1712080800.0,COMPOUND,Supplied rETH,145.0168876956823
1712080800.0,COMPOUND,Borrowed ETH,32019.886846593407
1712102400.0,COMPOUND,Supplied rETH,145.0168876956823
1712102400.0,COMPOUND,Borrowed ETH,32020.35376377863
1712124000.0,COMPOUND,Supplied rETH,145.0168876956823
1712124000.0,COMPOUND,Borrowed ETH,32020.812470712754
1712145600.0,COMPOUND,Supplied rETH,145.0168876956823
1712145600.0,COMPOUND,Borrowed ETH,32021.274344947124
1712167200.0,COMPOUND,Supplied rETH,145.0168876956823
1712167200.0,COMPOUND,Borrowed ETH,32023.23306964991
1712188800.0,COMPOUND,Supplied rETH,145.0168876956823
1712188800.0,COMPOUND,Borrowed ETH,31870.56007616703
1712210400.0,COMPOUND,Supplied rETH,145.0168876956823
1712210400.0,COMPOUND,Borrowed ETH,31868.513369454053
1712232000.0,COMPOUND,Supplied rETH,145.0168876956823
1712232000.0,COMPOUND,Borrowed ETH,31868.953435386004
1712253600.0,COMPOUND,Supplied rETH,145.0168876956823
1712253600.0,COMPOUND,Borrowed ETH,31869.395030652617
1712275200.0,COMPOUND,Supplied rETH,145.0168876956823
1712275200.0,COMPOUND,Borrowed ETH,31869.83588807539
1712296800.0,COMPOUND,Supplied rETH,145.0168876956823
1712296800.0,COMPOUND,Borrowed ETH,31870.276252236275
1712318400.0,COMPOUND,Supplied rETH,145.0168876956823
1712318400.0,COMPOUND,Borrowed ETH,31870.718717283205
1712340000.0,COMPOUND,Supplied rETH,145.0168876956823
1712340000.0,COMPOUND,Borrowed ETH,31871.1613396412
1712361600.0,COMPOUND,Supplied rETH,145.0168876956823
1712361600.0,COMPOUND,Borrowed ETH,31871.600984183766
1712383200.0,COMPOUND,Supplied rETH,145.0168876956823
1712383200.0,COMPOUND,Borrowed ETH,31872.04232733399
1712404800.0,COMPOUND,Supplied rETH,145.0168876956823
1712404800.0,COMPOUND,Borrowed ETH,31872.482692617865
1712426400.0,COMPOUND,Supplied rETH,145.0168876956823
1712426400.0,COMPOUND,Borrowed ETH,31872.92016061973
1712448000.0,COMPOUND,Supplied rETH,145.0168876956823
1712448000.0,COMPOUND,Borrowed ETH,31896.349932345136
1712469600.0,COMPOUND,Supplied rETH,145.0168876956823
1712469600.0,COMPOUND,Borrowed ETH,31896.780588761536
1712491200.0,COMPOUND,Supplied rETH,145.0168876956823
1712491200.0,COMPOUND,Borrowed ETH,31897.20836596508
1712512800.0,COMPOUND,Supplied rETH,145.0168876956823
1712512800.0,COMPOUND,Borrowed ETH,31875.720333119385
1712534400.0,COMPOUND,Supplied rETH,145.0168876956823
1712534400.0,COMPOUND,Borrowed ETH,31876.149346416903
1712556000.0,COMPOUND,Supplied rETH,145.0168876956823
1712556000.0,COMPOUND,Borrowed ETH,31876.579648902345
1712577600.0,COMPOUND,Supplied rETH,145.0168876956823
1712577600.0,COMPOUND,Borrowed ETH,31877.020839291825
1712599200.0,COMPOUND,Supplied rETH,145.0168876956823
1712599200.0,COMPOUND,Borrowed ETH,31781.46778595916
1712620800.0,COMPOUND,Supplied rETH,145.28922047798036
1712620800.0,COMPOUND,Borrowed ETH,31782.290206703914
1712642400.0,COMPOUND,Supplied rETH,145.28922047798036
1712642400.0,COMPOUND,Borrowed ETH,31782.751470967145
1712664000.0,COMPOUND,Supplied rETH,145.28922047798036
1712664000.0,COMPOUND,Borrowed ETH,31783.21351422438
1712685600.0,COMPOUND,Supplied rETH,145.28922047798036
1712685600.0,COMPOUND,Borrowed ETH,31778.642319876588
1712707200.0,COMPOUND,Supplied rETH,145.28922047798036
1712707200.0,COMPOUND,Borrowed ETH,31763.146053235516
1712728800.0,COMPOUND,Supplied rETH,145.28922047798036
1712728800.0,COMPOUND,Borrowed ETH,31763.002466392918
1712750400.0,COMPOUND,Supplied rETH,145.28922047798036
1712750400.0,COMPOUND,Borrowed ETH,31763.51888245063
1712772000.0,COMPOUND,Supplied rETH,145.28922047798036
1712772000.0,COMPOUND,Borrowed ETH,31764.034447724178
1712793600.0,COMPOUND,Supplied rETH,145.28922047798036
1712793600.0,COMPOUND,Borrowed ETH,31765.447964724375
1712815200.0,COMPOUND,Supplied rETH,145.28922047798036
1712815200.0,COMPOUND,Borrowed ETH,31765.96414814546
1712836800.0,COMPOUND,Supplied rETH,145.28922047798036
1712836800.0,COMPOUND,Borrowed ETH,31766.776859074747
1712858400.0,COMPOUND,Supplied rETH,145.28922047798036
1712858400.0,COMPOUND,Borrowed ETH,31767.283879625757
1712880000.0,COMPOUND,Supplied rETH,145.28922047798036
1712880000.0,COMPOUND,Borrowed ETH,31767.791475802584
1712901600.0,COMPOUND,Supplied rETH,145.28922047798036
1712901600.0,COMPOUND,Borrowed ETH,31770.00026590636
1712923200.0,COMPOUND,Supplied rETH,145.28922047798036
1712923200.0,COMPOUND,Borrowed ETH,31770.509035265823
1712944800.0,COMPOUND,Supplied rETH,145.28922047798036
1712944800.0,COMPOUND,Borrowed ETH,31771.02397884783
1712966400.0,COMPOUND,Supplied rETH,145.28922047798036
1712966400.0,COMPOUND,Borrowed ETH,31771.543477734693
1712988000.0,COMPOUND,Supplied rETH,145.28922047798036
1712988000.0,COMPOUND,Borrowed ETH,31772.067862603577
1713009600.0,COMPOUND,Supplied rETH,145.28922047798036
1713009600.0,COMPOUND,Borrowed ETH,31772.590511844344
1713031200.0,COMPOUND,Supplied rETH,145.28922047798036
1713031200.0,COMPOUND,Borrowed ETH,31773.11273705433
1713052800.0,COMPOUND,Supplied rETH,145.28922047798036
1713052800.0,COMPOUND,Borrowed ETH,31750.380138650442
1713074400.0,COMPOUND,Supplied rETH,145.28922047798036
1713074400.0,COMPOUND,Borrowed ETH,31750.90502640837
1713096000.0,COMPOUND,Supplied rETH,145.28922047798036
1713096000.0,COMPOUND,Borrowed ETH,31751.428176826244
1713117600.0,COMPOUND,Supplied rETH,145.28922047798036
1713117600.0,COMPOUND,Borrowed ETH,31751.956752859038
1713139200.0,COMPOUND,Supplied rETH,145.28922047798036
1713139200.0,COMPOUND,Borrowed ETH,31752.517379335575
1713160800.0,COMPOUND,Supplied rETH,145.28922047798036
1713160800.0,COMPOUND,Borrowed ETH,31753.074750619886
1713182400.0,COMPOUND,Supplied rETH,145.28922047798036
1713182400.0,COMPOUND,Borrowed ETH,31418.631617081064
1713204000.0,COMPOUND,Supplied rETH,145.28922047798036
1713204000.0,COMPOUND,Borrowed ETH,31391.126902640073
1713225600.0,COMPOUND,Supplied rETH,145.28922047798036
1713225600.0,COMPOUND,Borrowed ETH,31387.551585412057
1713247200.0,COMPOUND,Supplied rETH,145.28922047798036
1713247200.0,COMPOUND,Borrowed ETH,31387.97002131885
1713268800.0,COMPOUND,Supplied rETH,145.28922047798036
1713268800.0,COMPOUND,Borrowed ETH,31388.38853292711
1713290400.0,COMPOUND,Supplied rETH,145.28922047798036
1713290400.0,COMPOUND,Borrowed ETH,31388.787388329856
1713312000.0,COMPOUND,Supplied rETH,145.28922047798036
1713312000.0,COMPOUND,Borrowed ETH,31389.185313792514
1713333600.0,COMPOUND,Supplied rETH,145.28922047798036
1713333600.0,COMPOUND,Borrowed ETH,31388.68423203521
1713355200.0,COMPOUND,Supplied rETH,145.28922047798036
1713355200.0,COMPOUND,Borrowed ETH,31389.07924318885
1713376800.0,COMPOUND,Supplied rETH,189.43276834572214
1713376800.0,COMPOUND,Borrowed ETH,31433.204907133244
1713398400.0,COMPOUND,Supplied rETH,189.43276834572214
1713398400.0,COMPOUND,Borrowed ETH,31433.58157208346
1713420000.0,COMPOUND,Supplied rETH,189.43276834572214
1713420000.0,COMPOUND,Borrowed ETH,31433.95698855945
1713441600.0,COMPOUND,Supplied rETH,189.43276834572214
1713441600.0,COMPOUND,Borrowed ETH,31434.332889761416
1713463200.0,COMPOUND,Supplied rETH,189.43276834572214
1713463200.0,COMPOUND,Borrowed ETH,31434.700613846344
1713484800.0,COMPOUND,Supplied rETH,189.43276834572214
1713484800.0,COMPOUND,Borrowed ETH,31455.966047704944
1713506400.0,COMPOUND,Supplied rETH,189.43276834572214
1713506400.0,COMPOUND,Borrowed ETH,31456.332371345656
1713528000.0,COMPOUND,Supplied rETH,189.43276834572214
1713528000.0,COMPOUND,Borrowed ETH,31456.69980273651
1713549600.0,COMPOUND,Supplied rETH,189.43276834572214
1713549600.0,COMPOUND,Borrowed ETH,31857.07364044916
1713571200.0,COMPOUND,Supplied rETH,189.43276834572214
1713571200.0,COMPOUND,Borrowed ETH,31857.446455908273
1713592800.0,COMPOUND,Supplied rETH,189.43276834572214
1713592800.0,COMPOUND,Borrowed ETH,31857.819482940657
1713614400.0,COMPOUND,Supplied rETH,196.26497960647984
1713614400.0,COMPOUND,Borrowed ETH,31864.965509852944
1713636000.0,COMPOUND,Supplied rETH,196.26497960647984
1713636000.0,COMPOUND,Borrowed ETH,30913.549539225143
1713657600.0,COMPOUND,Supplied rETH,196.26497960647984
1713657600.0,COMPOUND,Borrowed ETH,30913.90605940922
1713679200.0,COMPOUND,Supplied rETH,196.26497960647984
1713679200.0,COMPOUND,Borrowed ETH,30914.26318143983
1713700800.0,COMPOUND,Supplied rETH,196.26497960647984
1713700800.0,COMPOUND,Borrowed ETH,33662.47144130403
1713722400.0,COMPOUND,Supplied rETH,196.26497960647984
1713722400.0,COMPOUND,Borrowed ETH,33662.873077206554
1713744000.0,COMPOUND,Supplied rETH,196.26497960647984
1713744000.0,COMPOUND,Borrowed ETH,33663.274844439504
1713765600.0,COMPOUND,Supplied rETH,196.26497960647984
1713765600.0,COMPOUND,Borrowed ETH,33663.678410664885
1713787200.0,COMPOUND,Supplied rETH,196.26497960647984
1713787200.0,COMPOUND,Borrowed ETH,33277.50440454759
1713808800.0,COMPOUND,Supplied rETH,196.26497960647984
1713808800.0,COMPOUND,Borrowed ETH,33277.90116109133
1713830400.0,COMPOUND,Supplied rETH,196.26497960647984
1713830400.0,COMPOUND,Borrowed ETH,33281.09731221004
1713852000.0,COMPOUND,Supplied rETH,196.26497960647984
1713852000.0,COMPOUND,Borrowed ETH,33281.49214592179
1713873600.0,COMPOUND,Supplied rETH,196.27403121668777
1713873600.0,COMPOUND,Borrowed ETH,33281.8885296187
1713895200.0,COMPOUND,Supplied rETH,196.27403121668777
1713895200.0,COMPOUND,Borrowed ETH,33437.38041906799
1713916800.0,COMPOUND,Supplied rETH,196.27403121668777
1713916800.0,COMPOUND,Borrowed ETH,30719.586886401765
1713938400.0,COMPOUND,Supplied rETH,196.27403121668777
1713938400.0,COMPOUND,Borrowed ETH,30348.190116628055
1713960000.0,COMPOUND,Supplied rETH,196.27403121668777
1713960000.0,COMPOUND,Borrowed ETH,30348.543000573474
1713981600.0,COMPOUND,Supplied rETH,196.27403121668777
1713981600.0,COMPOUND,Borrowed ETH,30348.897262516377
1714003200.0,COMPOUND,Supplied rETH,196.27403121668777
1714003200.0,COMPOUND,Borrowed ETH,30349.249958835167
1714024800.0,COMPOUND,Supplied rETH,196.27403121668777
1714024800.0,COMPOUND,Borrowed ETH,30798.547253578792
1714046400.0,COMPOUND,Supplied rETH,196.27403121668777
1714046400.0,COMPOUND,Borrowed ETH,30798.90700305081
1714068000.0,COMPOUND,Supplied rETH,196.27403121668777
1714068000.0,COMPOUND,Borrowed ETH,30799.26670912812
1714089600.0,COMPOUND,Supplied rETH,196.27403121668777
1714089600.0,COMPOUND,Borrowed ETH,30788.62591819547
1714111200.0,COMPOUND,Supplied rETH,152.13048334894597
1714111200.0,COMPOUND,Borrowed ETH,30730.51702465055
1714132800.0,COMPOUND,Supplied rETH,152.13048334894597
1714132800.0,COMPOUND,Borrowed ETH,30730.879839206802
1714154400.0,COMPOUND,Supplied rETH,152.13048334894597
1714154400.0,COMPOUND,Borrowed ETH,30731.245561461215
1714176000.0,COMPOUND,Supplied rETH,152.13048334894597
1714176000.0,COMPOUND,Borrowed ETH,30731.60967043724
1714197600.0,COMPOUND,Supplied rETH,152.13048334894597
1714197600.0,COMPOUND,Borrowed ETH,30731.97297354636
1714219200.0,COMPOUND,Supplied rETH,152.13048334894597
1714219200.0,COMPOUND,Borrowed ETH,30834.339269402062
1714240800.0,COMPOUND,Supplied rETH,152.13048334894597
1714240800.0,COMPOUND,Borrowed ETH,30836.055088449633
1711648800.0,PRISMA,Supplied rETH,7516.825101755337
1711648800.0,PRISMA,Borrowed mkUSD (against rETH),10197518.975499934
1711670400.0,PRISMA,Supplied rETH,7507.61508977467
1711670400.0,PRISMA,Borrowed mkUSD (against rETH),10141750.122471847
1711692000.0,PRISMA,Supplied rETH,6738.782657358872
1711692000.0,PRISMA,Borrowed mkUSD (against rETH),8278890.135153693
1711713600.0,PRISMA,Supplied rETH,3159.5698513418797
1711713600.0,PRISMA,Borrowed mkUSD (against rETH),5501092.0211554095
1711735200.0,PRISMA,Supplied rETH,3159.5698513418797
1711735200.0,PRISMA,Borrowed mkUSD (against rETH),5501092.0211554095
1711756800.0,PRISMA,Supplied rETH,3159.5698513418797
1711756800.0,PRISMA,Borrowed mkUSD (against rETH),5501092.0211554095
1711778400.0,PRISMA,Supplied rETH,3133.5698513418797
1711778400.0,PRISMA,Borrowed mkUSD (against rETH),5501263.477310114
1711800000.0,PRISMA,Supplied rETH,3133.5698513418797
1711800000.0,PRISMA,Borrowed mkUSD (against rETH),5501263.477310114
1711821600.0,PRISMA,Supplied rETH,2489.1379836492506
1711821600.0,PRISMA,Borrowed mkUSD (against rETH),4281628.619500372
1711843200.0,PRISMA,Supplied rETH,2486.7718467586496
1711843200.0,PRISMA,Borrowed mkUSD (against rETH),4279299.603024917
1711864800.0,PRISMA,Supplied rETH,2484.0466610946146
1711864800.0,PRISMA,Borrowed mkUSD (against rETH),4275532.740139643
1711886400.0,PRISMA,Supplied rETH,2474.811365169324
1711886400.0,PRISMA,Borrowed mkUSD (against rETH),4267716.854740406
1711908000.0,PRISMA,Supplied rETH,2449.9988857078547
1711908000.0,PRISMA,Borrowed mkUSD (against rETH),4269297.05356569
1711929600.0,PRISMA,Supplied rETH,2447.231479550574
1711929600.0,PRISMA,Borrowed mkUSD (against rETH),4266024.14105842
1711951200.0,PRISMA,Supplied rETH,2447.231479550574
1711951200.0,PRISMA,Borrowed mkUSD (against rETH),4266024.14105842
1711972800.0,PRISMA,Supplied rETH,2244.2530290849213
1711972800.0,PRISMA,Borrowed mkUSD (against rETH),3950047.2186283823
1711994400.0,PRISMA,Supplied rETH,2244.2530290849213
1711994400.0,PRISMA,Borrowed mkUSD (against rETH),3950047.2186283823
1712016000.0,PRISMA,Supplied rETH,2244.2530290849213
1712016000.0,PRISMA,Borrowed mkUSD (against rETH),3950047.2186283823
1712037600.0,PRISMA,Supplied rETH,2228.2121146852655
1712037600.0,PRISMA,Borrowed mkUSD (against rETH),3894457.6635199194
1712059200.0,PRISMA,Supplied rETH,2228.2121146852655
1712059200.0,PRISMA,Borrowed mkUSD (against rETH),3894457.6635199194
1712080800.0,PRISMA,Supplied rETH,2228.2121146852655
1712080800.0,PRISMA,Borrowed mkUSD (against rETH),3894457.6635199194
1712102400.0,PRISMA,Supplied rETH,2228.2121146852655
1712102400.0,PRISMA,Borrowed mkUSD (against rETH),3894457.6635199194
1712124000.0,PRISMA,Supplied rETH,2215.2121146852655
1712124000.0,PRISMA,Borrowed mkUSD (against rETH),3894512.7331306366
1712145600.0,PRISMA,Supplied rETH,2215.2121146852655
1712145600.0,PRISMA,Borrowed mkUSD (against rETH),3894512.7331306366
1712167200.0,PRISMA,Supplied rETH,2215.2121146852655
1712167200.0,PRISMA,Borrowed mkUSD (against rETH),3894512.7331306366
1712188800.0,PRISMA,Supplied rETH,2215.2121146852655
1712188800.0,PRISMA,Borrowed mkUSD (against rETH),3896563.3876986704
1712210400.0,PRISMA,Supplied rETH,2169.341259838364
1712210400.0,PRISMA,Borrowed mkUSD (against rETH),3843034.5601496054
1712232000.0,PRISMA,Supplied rETH,2167.341259838364
1712232000.0,PRISMA,Borrowed mkUSD (against rETH),3840811.9392173025
1712253600.0,PRISMA,Supplied rETH,2164.841259838364
1712253600.0,PRISMA,Borrowed mkUSD (against rETH),3838585.568316548
1712275200.0,PRISMA,Supplied rETH,2164.841259838364
1712275200.0,PRISMA,Borrowed mkUSD (against rETH),3838585.568316548
1712296800.0,PRISMA,Supplied rETH,2073.106397237139
1712296800.0,PRISMA,Borrowed mkUSD (against rETH),3685976.0114252884
1712318400.0,PRISMA,Supplied rETH,2073.106397237139
1712318400.0,PRISMA,Borrowed mkUSD (against rETH),3685976.0114252884
1712340000.0,PRISMA,Supplied rETH,2065.1042045997497
1712340000.0,PRISMA,Borrowed mkUSD (against rETH),3678100.5791875147
1712361600.0,PRISMA,Supplied rETH,2065.1042045997497
1712361600.0,PRISMA,Borrowed mkUSD (against rETH),3678100.5791875147
1712383200.0,PRISMA,Supplied rETH,2065.1042045997497
1712383200.0,PRISMA,Borrowed mkUSD (against rETH),3678100.5791875147
1712404800.0,PRISMA,Supplied rETH,2065.1042045997497
1712404800.0,PRISMA,Borrowed mkUSD (against rETH),3678100.5791875147
1712426400.0,PRISMA,Supplied rETH,2052.5771724331044
1712426400.0,PRISMA,Borrowed mkUSD (against rETH),3667840.2554525016
1712448000.0,PRISMA,Supplied rETH,2052.5771724331044
1712448000.0,PRISMA,Borrowed mkUSD (against rETH),3667840.2554525016
1712469600.0,PRISMA,Supplied rETH,2052.5771724331044
1712469600.0,PRISMA,Borrowed mkUSD (against rETH),3667840.2554525016
1712491200.0,PRISMA,Supplied rETH,2052.5771724331044
1712491200.0,PRISMA,Borrowed mkUSD (against rETH),3667840.2554525016
1712512800.0,PRISMA,Supplied rETH,1947.4684738654703
1712512800.0,PRISMA,Borrowed mkUSD (against rETH),3406389.0090595894
1712534400.0,PRISMA,Supplied rETH,1947.4684738654703
1712534400.0,PRISMA,Borrowed mkUSD (against rETH),3406389.0090595894
1712556000.0,PRISMA,Supplied rETH,1846.497983568233
1712556000.0,PRISMA,Borrowed mkUSD (against rETH),3179733.0320598395
1712577600.0,PRISMA,Supplied rETH,1846.497983568233
1712577600.0,PRISMA,Borrowed mkUSD (against rETH),3179733.0320598395
1712599200.0,PRISMA,Supplied rETH,1846.497983568233
1712599200.0,PRISMA,Borrowed mkUSD (against rETH),3179733.0320598395
1712620800.0,PRISMA,Supplied rETH,1841.9484735325339
1712620800.0,PRISMA,Borrowed mkUSD (against rETH),3180068.572504772
1712642400.0,PRISMA,Supplied rETH,1841.9484735325339
1712642400.0,PRISMA,Borrowed mkUSD (against rETH),3180438.2079199087
1712664000.0,PRISMA,Supplied rETH,1841.9484735325339
1712664000.0,PRISMA,Borrowed mkUSD (against rETH),3180445.551680482
1712685600.0,PRISMA,Supplied rETH,1841.9484735325339
1712685600.0,PRISMA,Borrowed mkUSD (against rETH),3180445.551680482
1712707200.0,PRISMA,Supplied rETH,1841.9484735325339
1712707200.0,PRISMA,Borrowed mkUSD (against rETH),3180445.551680482
1712728800.0,PRISMA,Supplied rETH,1841.9484735325339
1712728800.0,PRISMA,Borrowed mkUSD (against rETH),3180499.961584893
1712750400.0,PRISMA,Supplied rETH,1841.9484735325339
1712750400.0,PRISMA,Borrowed mkUSD (against rETH),3180499.961584893
1712772000.0,PRISMA,Supplied rETH,1841.9484735325339
1712772000.0,PRISMA,Borrowed mkUSD (against rETH),3180499.961584893
1712793600.0,PRISMA,Supplied rETH,1841.9484735325339
1712793600.0,PRISMA,Borrowed mkUSD (against rETH),3181221.555645329
1712815200.0,PRISMA,Supplied rETH,1805.255073532534
1712815200.0,PRISMA,Borrowed mkUSD (against rETH),3121300.0664147856
1712836800.0,PRISMA,Supplied rETH,1805.255073532534
1712836800.0,PRISMA,Borrowed mkUSD (against rETH),3121300.0664147856
1712858400.0,PRISMA,Supplied rETH,1805.255073532534
1712858400.0,PRISMA,Borrowed mkUSD (against rETH),3121300.0664147856
1712880000.0,PRISMA,Supplied rETH,1805.255073532534
1712880000.0,PRISMA,Borrowed mkUSD (against rETH),3122511.620417468
1712901600.0,PRISMA,Supplied rETH,1805.255073532534
1712901600.0,PRISMA,Borrowed mkUSD (against rETH),3122897.23652017
1712923200.0,PRISMA,Supplied rETH,1796.4709255800624
1712923200.0,PRISMA,Borrowed mkUSD (against rETH),3113186.086290905
1712944800.0,PRISMA,Supplied rETH,1796.4709255800624
1712944800.0,PRISMA,Borrowed mkUSD (against rETH),3113186.086290905
1712966400.0,PRISMA,Supplied rETH,1796.4709255800624
1712966400.0,PRISMA,Borrowed mkUSD (against rETH),3113186.086290905
1712988000.0,PRISMA,Supplied rETH,1796.4709255800624
1712988000.0,PRISMA,Borrowed mkUSD (against rETH),3033487.9060933744
1713009600.0,PRISMA,Supplied rETH,1796.4709255800624
1713009600.0,PRISMA,Borrowed mkUSD (against rETH),3033487.9060933744
1713031200.0,PRISMA,Supplied rETH,1796.4709255800624
1713031200.0,PRISMA,Borrowed mkUSD (against rETH),3033487.9060933744
1713052800.0,PRISMA,Supplied rETH,1796.4709255800624
1713052800.0,PRISMA,Borrowed mkUSD (against rETH),2870249.8982096724
1713074400.0,PRISMA,Supplied rETH,1796.4709255800624
1713074400.0,PRISMA,Borrowed mkUSD (against rETH),2938296.7025655177
1713096000.0,PRISMA,Supplied rETH,1796.4709255800624
1713096000.0,PRISMA,Borrowed mkUSD (against rETH),2895758.138921038
1713117600.0,PRISMA,Supplied rETH,1622.7725624421396
1713117600.0,PRISMA,Borrowed mkUSD (against rETH),2702205.981670249
1713139200.0,PRISMA,Supplied rETH,1622.7725624421396
1713139200.0,PRISMA,Borrowed mkUSD (against rETH),2702205.981670249
1713160800.0,PRISMA,Supplied rETH,1622.7725624421396
1713160800.0,PRISMA,Borrowed mkUSD (against rETH),2696557.3985598097
1713182400.0,PRISMA,Supplied rETH,1622.7725624421396
1713182400.0,PRISMA,Borrowed mkUSD (against rETH),2696623.6383971637
1713204000.0,PRISMA,Supplied rETH,1622.7725624421396
1713204000.0,PRISMA,Borrowed mkUSD (against rETH),2696623.6383971637
1713225600.0,PRISMA,Supplied rETH,1565.6868395717058
1713225600.0,PRISMA,Borrowed mkUSD (against rETH),2621536.2828405905
1713247200.0,PRISMA,Supplied rETH,1565.6868395717058
1713247200.0,PRISMA,Borrowed mkUSD (against rETH),2621536.2828405905
1713268800.0,PRISMA,Supplied rETH,1452.2690516050668
1713268800.0,PRISMA,Borrowed mkUSD (against rETH),2412274.9108834923
1713290400.0,PRISMA,Supplied rETH,1452.2690516050668
1713290400.0,PRISMA,Borrowed mkUSD (against rETH),2412643.4226457262
1713312000.0,PRISMA,Supplied rETH,1452.2690516050668
1713312000.0,PRISMA,Borrowed mkUSD (against rETH),2412643.4226457262
1713333600.0,PRISMA,Supplied rETH,1464.2690516050668
1713333600.0,PRISMA,Borrowed mkUSD (against rETH),2445530.4578300845
1713355200.0,PRISMA,Supplied rETH,1464.2690516050668
1713355200.0,PRISMA,Borrowed mkUSD (against rETH),2445530.4578300845
1713376800.0,PRISMA,Supplied rETH,1464.2690516050668
1713376800.0,PRISMA,Borrowed mkUSD (against rETH),2445530.4578300845
1713398400.0,PRISMA,Supplied rETH,1464.2690516050668
1713398400.0,PRISMA,Borrowed mkUSD (against rETH),2446348.056745811
1713420000.0,PRISMA,Supplied rETH,1493.8978296897733
1713420000.0,PRISMA,Borrowed mkUSD (against rETH),2523079.382786297
1713441600.0,PRISMA,Supplied rETH,1493.8978296897733
1713441600.0,PRISMA,Borrowed mkUSD (against rETH),2550716.797028905
1713463200.0,PRISMA,Supplied rETH,1493.8978296897733
1713463200.0,PRISMA,Borrowed mkUSD (against rETH),2550716.797028905
1713484800.0,PRISMA,Supplied rETH,1493.8978296897733
1713484800.0,PRISMA,Borrowed mkUSD (against rETH),2551247.0229464755
1713506400.0,PRISMA,Supplied rETH,1778.8977963179414
1713506400.0,PRISMA,Borrowed mkUSD (against rETH),2678729.1100262175
1713528000.0,PRISMA,Supplied rETH,1778.8977963179414
1713528000.0,PRISMA,Borrowed mkUSD (against rETH),2678820.119944677
1713549600.0,PRISMA,Supplied rETH,1778.8977963179414
1713549600.0,PRISMA,Borrowed mkUSD (against rETH),2678820.119944677
1713571200.0,PRISMA,Supplied rETH,2638.041674486618
1713571200.0,PRISMA,Borrowed mkUSD (against rETH),3643294.520113667
1713592800.0,PRISMA,Supplied rETH,2638.041674486618
1713592800.0,PRISMA,Borrowed mkUSD (against rETH),3643538.2757617654
1713614400.0,PRISMA,Supplied rETH,2638.041674486618
1713614400.0,PRISMA,Borrowed mkUSD (against rETH),3643538.2757617654
1713636000.0,PRISMA,Supplied rETH,2638.041674486618
1713636000.0,PRISMA,Borrowed mkUSD (against rETH),3643538.2757617654
1713657600.0,PRISMA,Supplied rETH,2638.041674486618
1713657600.0,PRISMA,Borrowed mkUSD (against rETH),3719563.9889520635
1713679200.0,PRISMA,Supplied rETH,2638.041674486618
1713679200.0,PRISMA,Borrowed mkUSD (against rETH),3719575.5880848537
1713700800.0,PRISMA,Supplied rETH,2638.041674486618
1713700800.0,PRISMA,Borrowed mkUSD (against rETH),3719575.5880848537
1713722400.0,PRISMA,Supplied rETH,2638.041674486618
1713722400.0,PRISMA,Borrowed mkUSD (against rETH),3719575.5880848537
1713744000.0,PRISMA,Supplied rETH,2638.041674486618
1713744000.0,PRISMA,Borrowed mkUSD (against rETH),3719910.5782579174
1713765600.0,PRISMA,Supplied rETH,2638.041674486618
1713765600.0,PRISMA,Borrowed mkUSD (against rETH),3721277.740670658
1713787200.0,PRISMA,Supplied rETH,2638.041674486618
1713787200.0,PRISMA,Borrowed mkUSD (against rETH),3778773.441171707
1713808800.0,PRISMA,Supplied rETH,2638.041674486618
1713808800.0,PRISMA,Borrowed mkUSD (against rETH),3778773.441171707
1713830400.0,PRISMA,Supplied rETH,2624.4001215374874
1713830400.0,PRISMA,Borrowed mkUSD (against rETH),3764076.47735756
1713852000.0,PRISMA,Supplied rETH,2624.4001215374874
1713852000.0,PRISMA,Borrowed mkUSD (against rETH),3764076.47735756
1713873600.0,PRISMA,Supplied rETH,2624.4001215374874
1713873600.0,PRISMA,Borrowed mkUSD (against rETH),3764076.47735756
1713895200.0,PRISMA,Supplied rETH,2624.4001215374874
1713895200.0,PRISMA,Borrowed mkUSD (against rETH),3764076.47735756
1713916800.0,PRISMA,Supplied rETH,2624.4001215374874
1713916800.0,PRISMA,Borrowed mkUSD (against rETH),3764076.47735756
1713938400.0,PRISMA,Supplied rETH,2624.4001215374874
1713938400.0,PRISMA,Borrowed mkUSD (against rETH),3764076.47735756
1713960000.0,PRISMA,Supplied rETH,2624.4001215374874
1713960000.0,PRISMA,Borrowed mkUSD (against rETH),3764076.47735756
1713981600.0,PRISMA,Supplied rETH,2624.4001215374874
1713981600.0,PRISMA,Borrowed mkUSD (against rETH),3764076.47735756
1714003200.0,PRISMA,Supplied rETH,2624.4001215374874
1714003200.0,PRISMA,Borrowed mkUSD (against rETH),3765279.66803339
1714024800.0,PRISMA,Supplied rETH,2779.857919856069
1714024800.0,PRISMA,Borrowed mkUSD (against rETH),4174719.521843289
1714046400.0,PRISMA,Supplied rETH,2779.857919856069
1714046400.0,PRISMA,Borrowed mkUSD (against rETH),4174719.521843289
1714068000.0,PRISMA,Supplied rETH,2779.857919856069
1714068000.0,PRISMA,Borrowed mkUSD (against rETH),4174719.521843289
1714089600.0,PRISMA,Supplied rETH,2779.857919856069
1714089600.0,PRISMA,Borrowed mkUSD (against rETH),4175202.2454757947
1714111200.0,PRISMA,Supplied rETH,2779.857919856069
1714111200.0,PRISMA,Borrowed mkUSD (against rETH),4175202.2454757947
1714132800.0,PRISMA,Supplied rETH,2779.857919856069
1714132800.0,PRISMA,Borrowed mkUSD (against rETH),4175538.523030678
1714154400.0,PRISMA,Supplied rETH,2779.857919856069
1714154400.0,PRISMA,Borrowed mkUSD (against rETH),4175567.5536535718
1714176000.0,PRISMA,Supplied rETH,2779.857919856069
1714176000.0,PRISMA,Borrowed mkUSD (against rETH),4175567.5536535718
1714197600.0,PRISMA,Supplied rETH,2779.857919856069
1714197600.0,PRISMA,Borrowed mkUSD (against rETH),4176157.624861014
1714219200.0,PRISMA,Supplied rETH,2763.857919856069
1714219200.0,PRISMA,Borrowed mkUSD (against rETH),4160809.642811394
1714240800.0,PRISMA,Supplied rETH,2763.857919856069
1714240800.0,PRISMA,Borrowed mkUSD (against rETH),4160809.642811394
1711648800.0,All Markets,Borrowed rETH,724.927558396935
1711648800.0,All Markets,Supplied rETH,49375.27424682068
1711670400.0,All Markets,Borrowed rETH,724.9289200729377
1711670400.0,All Markets,Supplied rETH,49366.06539226122
1711692000.0,All Markets,Borrowed rETH,724.9302615529201
1711692000.0,All Markets,Supplied rETH,48607.18449608173
1711713600.0,All Markets,Borrowed rETH,724.9316050921977
1711713600.0,All Markets,Supplied rETH,45026.9278115089
1711735200.0,All Markets,Borrowed rETH,724.9329531398303
1711735200.0,All Markets,Supplied rETH,44996.92895734767
1711756800.0,All Markets,Borrowed rETH,724.9343007881976
1711756800.0,All Markets,Supplied rETH,44966.935944836696
1711778400.0,All Markets,Borrowed rETH,724.935645474068
1711778400.0,All Markets,Supplied rETH,44940.93708780026
1711800000.0,All Markets,Borrowed rETH,724.9369998924435
1711800000.0,All Markets,Supplied rETH,44940.938239054376
1711821600.0,All Markets,Borrowed rETH,724.9383505801021
1711821600.0,All Markets,Supplied rETH,44296.50751944262
1711843200.0,All Markets,Borrowed rETH,724.9396990303246
1711843200.0,All Markets,Supplied rETH,44294.14252872894
1711864800.0,All Markets,Borrowed rETH,689.9355648747621
1711864800.0,All Markets,Supplied rETH,44291.4184140819
1711886400.0,All Markets,Borrowed rETH,689.9367876094404
1711886400.0,All Markets,Supplied rETH,44282.18415748017
1711908000.0,All Markets,Borrowed rETH,689.9380134353723
1711908000.0,All Markets,Supplied rETH,44271.372719969935
1711929600.0,All Markets,Borrowed rETH,689.9392318552451
1711929600.0,All Markets,Supplied rETH,44258.27720319026
1711951200.0,All Markets,Borrowed rETH,639.9403788490757
1711951200.0,All Markets,Supplied rETH,44267.34035760062
1711972800.0,All Markets,Borrowed rETH,639.9414356694227
1711972800.0,All Markets,Supplied rETH,44066.37684960511
1711994400.0,All Markets,Borrowed rETH,639.942481430712
1711994400.0,All Markets,Supplied rETH,44066.37773851438
1712016000.0,All Markets,Borrowed rETH,679.9435773401658
1712016000.0,All Markets,Supplied rETH,44066.37867003535
1712037600.0,All Markets,Borrowed rETH,762.444852590695
1712037600.0,All Markets,Supplied rETH,43900.338839597985
1712059200.0,All Markets,Borrowed rETH,762.4463489267183
1712059200.0,All Markets,Supplied rETH,43771.80023062653
1712080800.0,All Markets,Borrowed rETH,762.4478525550746
1712080800.0,All Markets,Supplied rETH,43835.072911583535
1712102400.0,All Markets,Borrowed rETH,762.4493447370518
1712102400.0,All Markets,Supplied rETH,43835.074179936484
1712124000.0,All Markets,Borrowed rETH,762.4508327388993
1712124000.0,All Markets,Supplied rETH,43923.24568263748
1712145600.0,All Markets,Borrowed rETH,762.4523260163329
1712145600.0,All Markets,Supplied rETH,43978.53736535635
1712167200.0,All Markets,Borrowed rETH,762.4538088370396
1712167200.0,All Markets,Supplied rETH,43957.09078753413
1712188800.0,All Markets,Borrowed rETH,762.455290993946
1712188800.0,All Markets,Supplied rETH,44133.13710000787
1712210400.0,All Markets,Borrowed rETH,762.456769652365
1712210400.0,All Markets,Supplied rETH,44081.00948317811
1712232000.0,All Markets,Borrowed rETH,762.4582505291004
1712232000.0,All Markets,Supplied rETH,44092.698644628246
1712253600.0,All Markets,Borrowed rETH,762.4597338464572
1712253600.0,All Markets,Supplied rETH,44090.19990544565
1712275200.0,All Markets,Borrowed rETH,762.4612147963047
1712275200.0,All Markets,Supplied rETH,44086.50902713019
1712296800.0,All Markets,Borrowed rETH,762.4626941639686
1712296800.0,All Markets,Supplied rETH,43984.7752547854
1712318400.0,All Markets,Borrowed rETH,762.4641804562208
1712318400.0,All Markets,Supplied rETH,43984.84438849157
1712340000.0,All Markets,Borrowed rETH,762.4656667560133
1712340000.0,All Markets,Supplied rETH,43975.87642512028
1712361600.0,All Markets,Borrowed rETH,762.4671432062698
1712361600.0,All Markets,Supplied rETH,43975.88338125487
1712383200.0,All Markets,Borrowed rETH,764.4686288979902
1712383200.0,All Markets,Supplied rETH,44032.770144648355
1712404800.0,All Markets,Borrowed rETH,764.47011388968
1712404800.0,All Markets,Supplied rETH,44012.883442027196
1712426400.0,All Markets,Borrowed rETH,776.4716101496547
1712426400.0,All Markets,Supplied rETH,44004.26921595512
1712448000.0,All Markets,Borrowed rETH,776.4731491142933
1712448000.0,All Markets,Supplied rETH,44004.15350675526
1712469600.0,All Markets,Borrowed rETH,776.4746941822063
1712469600.0,All Markets,Supplied rETH,44004.154820061514
1712491200.0,All Markets,Borrowed rETH,776.4762253488275
1712491200.0,All Markets,Supplied rETH,44046.340305382575
1712512800.0,All Markets,Borrowed rETH,776.4777637550792
1712512800.0,All Markets,Supplied rETH,43941.232914459055
1712534400.0,All Markets,Borrowed rETH,776.4792996067196
1712534400.0,All Markets,Supplied rETH,43941.23421992976
1712556000.0,All Markets,Borrowed rETH,776.4808326879306
1712556000.0,All Markets,Supplied rETH,43912.06656084777
1712577600.0,All Markets,Borrowed rETH,764.4807380957975
1712577600.0,All Markets,Supplied rETH,44158.05900969641
1712599200.0,All Markets,Borrowed rETH,766.482220262446
1712599200.0,All Markets,Supplied rETH,44160.06026953754
1712620800.0,All Markets,Borrowed rETH,766.4837038299663
1712620800.0,All Markets,Supplied rETH,44155.78435331537
1712642400.0,All Markets,Borrowed rETH,766.4852187846598
1712642400.0,All Markets,Supplied rETH,42765.655222888294
1712664000.0,All Markets,Borrowed rETH,766.4867551330789
1712664000.0,All Markets,Supplied rETH,42782.459317276356
1712685600.0,All Markets,Borrowed rETH,766.4882895143899
1712685600.0,All Markets,Supplied rETH,42782.460621499726
1712707200.0,All Markets,Borrowed rETH,766.4898228530686
1712707200.0,All Markets,Supplied rETH,42653.461889231454
1712728800.0,All Markets,Borrowed rETH,766.4912987255475
1712728800.0,All Markets,Supplied rETH,44623.463143722336
1712750400.0,All Markets,Borrowed rETH,766.4927660645777
1712750400.0,All Markets,Supplied rETH,44617.46354265757
1712772000.0,All Markets,Borrowed rETH,766.4942311580554
1712772000.0,All Markets,Supplied rETH,44617.46930263148
1712793600.0,All Markets,Borrowed rETH,766.4956928757739
1712793600.0,All Markets,Supplied rETH,44621.02333070617
1712815200.0,All Markets,Borrowed rETH,766.4971594887693
1712815200.0,All Markets,Supplied rETH,44584.331177325206
1712836800.0,All Markets,Borrowed rETH,766.4986269231368
1712836800.0,All Markets,Supplied rETH,44584.3324246425
1712858400.0,All Markets,Borrowed rETH,766.5000942853735
1712858400.0,All Markets,Supplied rETH,44588.410994961414
1712880000.0,All Markets,Borrowed rETH,766.5015629331469
1712880000.0,All Markets,Supplied rETH,44558.41224331089
1712901600.0,All Markets,Borrowed rETH,766.5030312781495
1712901600.0,All Markets,Supplied rETH,44558.41349140318
1712923200.0,All Markets,Borrowed rETH,766.504495545728
1712923200.0,All Markets,Supplied rETH,44549.63058807548
1712944800.0,All Markets,Borrowed rETH,751.6597626318791
1712944800.0,All Markets,Supplied rETH,44540.454989404214
1712966400.0,All Markets,Borrowed rETH,751.6611663658197
1712966400.0,All Markets,Supplied rETH,44830.69740710903
1712988000.0,All Markets,Borrowed rETH,751.6625760314994
1712988000.0,All Markets,Supplied rETH,44891.635804999845
1713009600.0,All Markets,Borrowed rETH,751.6639765471833
1713009600.0,All Markets,Supplied rETH,45157.35662482588
1713031200.0,All Markets,Borrowed rETH,751.6653680198519
1713031200.0,All Markets,Supplied rETH,45149.91132979515
1713052800.0,All Markets,Borrowed rETH,751.6667726874527
1713052800.0,All Markets,Supplied rETH,45048.94699847683
1713074400.0,All Markets,Borrowed rETH,751.6681721516125
1713074400.0,All Markets,Supplied rETH,45059.366059023705
1713096000.0,All Markets,Borrowed rETH,751.6695708496507
1713096000.0,All Markets,Supplied rETH,44765.29942825655
1713117600.0,All Markets,Borrowed rETH,751.6709814723774
1713117600.0,All Markets,Supplied rETH,44260.319042196126
1713139200.0,All Markets,Borrowed rETH,751.6724005379115
1713139200.0,All Markets,Supplied rETH,44260.209155971635
1713160800.0,All Markets,Borrowed rETH,751.6738125269948
1713160800.0,All Markets,Supplied rETH,44260.210356160664
1713182400.0,All Markets,Borrowed rETH,751.6752353629786
1713182400.0,All Markets,Supplied rETH,43798.85096556793
1713204000.0,All Markets,Borrowed rETH,751.6766660448243
1713204000.0,All Markets,Supplied rETH,43798.85218164595
1713225600.0,All Markets,Borrowed rETH,751.6781005980026
1713225600.0,All Markets,Supplied rETH,43808.418016269425
1713247200.0,All Markets,Borrowed rETH,751.6795315386314
1713247200.0,All Markets,Supplied rETH,43795.58632581545
1713268800.0,All Markets,Borrowed rETH,751.680963580895
1713268800.0,All Markets,Supplied rETH,43682.39398765887
1713290400.0,All Markets,Borrowed rETH,751.6823924323304
1713290400.0,All Markets,Supplied rETH,43683.39128622158
1713312000.0,All Markets,Borrowed rETH,698.4821924469709
1713312000.0,All Markets,Supplied rETH,43683.392406694
1713333600.0,All Markets,Borrowed rETH,698.4834220742778
1713333600.0,All Markets,Supplied rETH,43695.3934518768
1713355200.0,All Markets,Borrowed rETH,698.4846654376407
1713355200.0,All Markets,Supplied rETH,43312.394508734804
1713376800.0,All Markets,Borrowed rETH,698.4859066035866
1713376800.0,All Markets,Supplied rETH,43370.58439731369
1713398400.0,All Markets,Borrowed rETH,698.4871533481222
1713398400.0,All Markets,Supplied rETH,43370.585457045
1713420000.0,All Markets,Borrowed rETH,698.4883972128946
1713420000.0,All Markets,Supplied rETH,42912.52006380995
1713441600.0,All Markets,Borrowed rETH,698.4896874143768
1713441600.0,All Markets,Supplied rETH,41883.54561644298
1713463200.0,All Markets,Borrowed rETH,698.4909797596529
1713463200.0,All Markets,Supplied rETH,41869.41511450279
1713484800.0,All Markets,Borrowed rETH,812.4922813893011
1713484800.0,All Markets,Supplied rETH,41868.599290866005
1713506400.0,All Markets,Borrowed rETH,812.4940302029408
1713506400.0,All Markets,Supplied rETH,42124.08526142693
1713528000.0,All Markets,Borrowed rETH,812.4957846833573
1713528000.0,All Markets,Supplied rETH,42124.086752732284
1713549600.0,All Markets,Borrowed rETH,812.4975458578184
1713549600.0,All Markets,Supplied rETH,41965.868433862015
1713571200.0,All Markets,Borrowed rETH,812.4993014330864
1713571200.0,All Markets,Supplied rETH,42825.0194728085
1713592800.0,All Markets,Borrowed rETH,812.5010579907422
1713592800.0,All Markets,Supplied rETH,42825.0209658789
1713614400.0,All Markets,Borrowed rETH,812.5028166600385
1713614400.0,All Markets,Supplied rETH,42824.16076379338
1713636000.0,All Markets,Borrowed rETH,812.50457161911
1713636000.0,All Markets,Supplied rETH,42824.162255507305
1713657600.0,All Markets,Borrowed rETH,812.5063236505886
1713657600.0,All Markets,Supplied rETH,42824.16374472964
1713679200.0,All Markets,Borrowed rETH,812.5080792052303
1713679200.0,All Markets,Supplied rETH,42801.69278646209
1713700800.0,All Markets,Borrowed rETH,812.5098371286979
1713700800.0,All Markets,Supplied rETH,42801.69428069546
1713722400.0,All Markets,Borrowed rETH,816.5115906807189
1713722400.0,All Markets,Supplied rETH,42764.38525945884
1713744000.0,All Markets,Borrowed rETH,816.5133616415324
1713744000.0,All Markets,Supplied rETH,42774.48906692557
1713765600.0,All Markets,Borrowed rETH,816.5151399476559
1713765600.0,All Markets,Supplied rETH,42784.872787094515
1713787200.0,All Markets,Borrowed rETH,816.5169119596148
1713787200.0,All Markets,Supplied rETH,42684.693210259
1713808800.0,All Markets,Borrowed rETH,816.5186943612546
1713808800.0,All Markets,Supplied rETH,42683.0309614342
1713830400.0,All Markets,Borrowed rETH,812.5204283371892
1713830400.0,All Markets,Supplied rETH,42676.15306345994
1713852000.0,All Markets,Borrowed rETH,812.5221834062005
1713852000.0,All Markets,Supplied rETH,42678.99427665606
1713873600.0,All Markets,Borrowed rETH,812.5239452266221
1713873600.0,All Markets,Supplied rETH,42677.89950047333
1713895200.0,All Markets,Borrowed rETH,812.5257080769302
1713895200.0,All Markets,Supplied rETH,42677.9009988939
1713916800.0,All Markets,Borrowed rETH,797.5211151087276
1713916800.0,All Markets,Supplied rETH,42677.414999307264
1713938400.0,All Markets,Borrowed rETH,798.4428168483166
1713938400.0,All Markets,Supplied rETH,42676.7114286229
1713960000.0,All Markets,Borrowed rETH,798.4445201302752
1713960000.0,All Markets,Supplied rETH,42676.57708326332
1713981600.0,All Markets,Borrowed rETH,798.4462300459559
1713981600.0,All Markets,Supplied rETH,42676.57853668833
1714003200.0,All Markets,Borrowed rETH,798.4479323908967
1714003200.0,All Markets,Supplied rETH,42676.57998367513
1714024800.0,All Markets,Borrowed rETH,800.949635457041
1714024800.0,All Markets,Supplied rETH,42553.853313558386
1714046400.0,All Markets,Borrowed rETH,800.9523608617412
1714046400.0,All Markets,Supplied rETH,42488.981322620006
1714068000.0,All Markets,Borrowed rETH,800.9540859037113
1714068000.0,All Markets,Supplied rETH,42488.98891262778
1714089600.0,All Markets,Borrowed rETH,800.9522796469874
1714089600.0,All Markets,Supplied rETH,42488.99037727749
1714111200.0,All Markets,Borrowed rETH,800.9540037299631
1714111200.0,All Markets,Supplied rETH,42444.84829487959
1714132800.0,All Markets,Borrowed rETH,800.9557383898273
1714132800.0,All Markets,Supplied rETH,42444.84976933819
1714154400.0,All Markets,Borrowed rETH,800.9574742115036
1714154400.0,All Markets,Supplied rETH,42433.79431701581
1714176000.0,All Markets,Borrowed rETH,800.9592030703651
1714176000.0,All Markets,Supplied rETH,42423.668353129804
1714197600.0,All Markets,Borrowed rETH,800.9609281075495
1714197600.0,All Markets,Supplied rETH,42423.66981941054
1714219200.0,All Markets,Borrowed rETH,800.9626645764529
1714219200.0,All Markets,Supplied rETH,42241.808505311725
1714240800.0,All Markets,Borrowed rETH,800.9643983188938
1714240800.0,All Markets,Supplied rETH,42258.58805835222
